143000, QD, 01.11.1980, 1.9286
143000, QD, 08.11.1980, 2.1643
143000, QD, 15.11.1980, 3.5
143000, QD, 22.11.1980, 2.3357
143000, QD, 29.11.1980, 1.9071
143000, QD, 06.12.1980, 1.9071
143000, QD, 13.12.1980, 3.6786
143000, QD, 20.12.1980, 3.0643
143000, QD, 27.12.1980, 2.85
143000, QD, 03.01.1981, 2.7214
143000, QD, 10.01.1981, 2.1857
143000, QD, 17.01.1981, 2.0786
143000, QD, 24.01.1981, 1.6929
143000, QD, 31.01.1981, 2.2714
143000, QD, 07.02.1981, 4.9357
143000, QD, 14.02.1981, 3.1286
143000, QD, 21.02.1981, 2.7643
143000, QD, 28.02.1981, 2.8929
143000, QD, 07.03.1981, 13.5929
143000, QD, 14.03.1981, 7.9571
143000, QD, 21.03.1981, 7.35
143000, QD, 28.03.1981, 6.35
143000, QD, 04.04.1981, 3.5857
143000, QD, 11.04.1981, 2.8714
143000, QD, 18.04.1981, 2.4429
143000, QD, 25.04.1981, 3.1571
143000, QD, 02.05.1981, 3.3714
143000, QD, 09.05.1981, 3.0214
143000, QD, 16.05.1981, 2.5714
143000, QD, 23.05.1981, 3.2
143000, QD, 30.05.1981, 2.1
143000, QD, 06.06.1981, 1.9286
143000, QD, 13.06.1981, 1.7357
143000, QD, 20.06.1981, 1.8643
143000, QD, 27.06.1981, 1.5857
143000, QD, 04.07.1981, 1.7786
143000, QD, 11.07.1981, 1.9286
143000, QD, 18.07.1981, 19.5143
143000, QD, 25.07.1981, 7.9643
143000, QD, 01.08.1981, 3.7929
143000, QD, 08.08.1981, 4.3357
143000, QD, 15.08.1981, 2.8286
143000, QD, 22.08.1981, 2.5929
143000, QD, 29.08.1981, 2.4214
143000, QD, 05.09.1981, 2.1214
143000, QD, 12.09.1981, 2.4857
143000, QD, 19.09.1981, 1.9714
143000, QD, 26.09.1981, 2.9786
143000, QD, 03.10.1981, 2.1429
143000, QD, 10.10.1981, 5.9571
143000, QD, 17.10.1981, 5.5357
143000, QD, 24.10.1981, 6.9786
143000, QD, 31.10.1981, 5.0
143000, QD, 07.11.1981, 5.0357
143000, QD, 14.11.1981, 7.9571
143000, QD, 21.11.1981, 6.7357
143000, QD, 28.11.1981, 6.8929
143000, QD, 05.12.1981, 8.7071
143000, QD, 12.12.1981, 8.5214
143000, QD, 19.12.1981, 5.4
143000, QD, 26.12.1981, 4.6214
143000, QD, 02.01.1982, 13.2857
143000, QD, 09.01.1982, 8.0429
143000, QD, 16.01.1982, 7.9571
143000, QD, 23.01.1982, 4.4357
143000, QD, 30.01.1982, 8.75
143000, QD, 06.02.1982, 4.8571
143000, QD, 13.02.1982, 3.1714
143000, QD, 20.02.1982, 2.5929
143000, QD, 27.02.1982, 3.7286
143000, QD, 06.03.1982, 3.45
143000, QD, 13.03.1982, 3.3429
143000, QD, 20.03.1982, 4.8429
143000, QD, 27.03.1982, 7.4
143000, QD, 03.04.1982, 7.1429
143000, QD, 10.04.1982, 5.25
143000, QD, 17.04.1982, 3.9
143000, QD, 24.04.1982, 3.5571
143000, QD, 01.05.1982, 3.2786
143000, QD, 08.05.1982, 3.1286
143000, QD, 15.05.1982, 3.3643
143000, QD, 22.05.1982, 2.85
143000, QD, 29.05.1982, 2.2071
143000, QD, 05.06.1982, 1.8214
143000, QD, 12.06.1982, 2.0786
143000, QD, 19.06.1982, 1.8429
143000, QD, 26.06.1982, 2.1214
143000, QD, 03.07.1982, 1.5857
143000, QD, 10.07.1982, 1.4714
143000, QD, 17.07.1982, 2.0857
143000, QD, 24.07.1982, 3.0857
143000, QD, 31.07.1982, 4.0357
143000, QD, 07.08.1982, 4.5929
143000, QD, 14.08.1982, 2.55
143000, QD, 21.08.1982, 2.3143
143000, QD, 28.08.1982, 1.9286
143000, QD, 04.09.1982, 1.5
143000, QD, 11.09.1982, 1.4
143000, QD, 18.09.1982, 1.5429
143000, QD, 25.09.1982, 1.8
143000, QD, 02.10.1982, 1.6714
143000, QD, 09.10.1982, 1.9071
143000, QD, 16.10.1982, 1.2429
143000, QD, 23.10.1982, 1.1
143000, QD, 30.10.1982, 1.05
143000, QD, 06.11.1982, 1.02
143000, QD, 13.11.1982, 1.01
143000, QD, 20.11.1982, 1.09
143000, QD, 27.11.1982, 1.02
143000, QD, 04.12.1982, 1.2229
143000, QD, 11.12.1982, 2.6857
143000, QD, 18.12.1982, 2.0357
143000, QD, 25.12.1982, 1.4286
143000, QD, 01.01.1983, 2.4786
143000, QD, 08.01.1983, 1.9714
143000, QD, 15.01.1983, 2.0786
143000, QD, 22.01.1983, 2.1214
143000, QD, 29.01.1983, 3.4929
143000, QD, 05.02.1983, 1.9071
143000, QD, 12.02.1983, 1.4571
143000, QD, 19.02.1983, 1.4143
143000, QD, 26.02.1983, 2.5286
143000, QD, 05.03.1983, 3.0429
143000, QD, 12.03.1983, 2.5714
143000, QD, 19.03.1983, 3.9214
143000, QD, 26.03.1983, 3.3
143000, QD, 02.04.1983, 3.5786
143000, QD, 09.04.1983, 9.9429
143000, QD, 16.04.1983, 6.9
143000, QD, 23.04.1983, 4.4714
143000, QD, 30.04.1983, 2.3386
143000, QD, 07.05.1983, 2.4714
143000, QD, 14.05.1983, 1.8957
143000, QD, 21.05.1983, 1.9714
143000, QD, 28.05.1983, 1.9243
143000, QD, 04.06.1983, 1.7729
143000, QD, 11.06.1983, 2.0986
143000, QD, 18.06.1983, 2.1286
143000, QD, 25.06.1983, 2.0529
143000, QD, 02.07.1983, 1.9814
143000, QD, 09.07.1983, 1.8271
143000, QD, 16.07.1983, 1.5786
143000, QD, 23.07.1983, 1.4371
143000, QD, 30.07.1983, 2.9514
143000, QD, 06.08.1983, 2.8457
143000, QD, 13.08.1983, 1.8386
143000, QD, 20.08.1983, 1.89
143000, QD, 27.08.1983, 1.76
143000, QD, 03.09.1983, 1.6857
143000, QD, 10.09.1983, 1.6943
143000, QD, 17.09.1983, 1.7457
143000, QD, 24.09.1983, 1.63
143000, QD, 01.10.1983, 1.2286
143000, QD, 08.10.1983, 1.3857
143000, QD, 15.10.1983, 1.2143
143000, QD, 22.10.1983, 1.1143
143000, QD, 29.10.1983, 1.0143
143000, QD, 05.11.1983, 0.95
143000, QD, 12.11.1983, 0.9529
143000, QD, 19.11.1983, 0.7414
143000, QD, 26.11.1983, 1.4143
143000, QD, 03.12.1983, 0.84
143000, QD, 10.12.1983, 0.7071
143000, QD, 17.12.1983, 0.6943
143000, QD, 24.12.1983, 1.35
143000, QD, 31.12.1983, 0.8614
143000, QD, 07.01.1984, 0.7557
143000, QD, 14.01.1984, 2.45
143000, QD, 21.01.1984, 1.29
143000, QD, 28.01.1984, 0.95
143000, QD, 04.02.1984, 2.5914
143000, QD, 11.02.1984, 1.2471
143000, QD, 18.02.1984, 0.9614
143000, QD, 25.02.1984, 1.0314
143000, QD, 03.03.1984, 1.3714
143000, QD, 10.03.1984, 1.3214
143000, QD, 17.03.1984, 1.7657
143000, QD, 24.03.1984, 4.8457
143000, QD, 31.03.1984, 5.5414
143000, QD, 07.04.1984, 4.9214
143000, QD, 14.04.1984, 5.2986
143000, QD, 21.04.1984, 3.67
143000, QD, 28.04.1984, 2.95
143000, QD, 05.05.1984, 2.7014
143000, QD, 12.05.1984, 4.1686
143000, QD, 19.05.1984, 3.0457
143000, QD, 26.05.1984, 2.9314
143000, QD, 02.06.1984, 2.01
143000, QD, 09.06.1984, 1.6657
143000, QD, 16.06.1984, 1.4157
143000, QD, 23.06.1984, 1.2286
143000, QD, 30.06.1984, 1.1243
143000, QD, 07.07.1984, 1.1071
143000, QD, 14.07.1984, 1.04
143000, QD, 21.07.1984, 0.79
143000, QD, 28.07.1984, 0.8543
143000, QD, 04.08.1984, 0.8943
143000, QD, 11.08.1984, 2.3029
143000, QD, 18.08.1984, 0.8857
143000, QD, 25.08.1984, 0.8257
143000, QD, 01.09.1984, 1.0243
143000, QD, 08.09.1984, 1.4557
143000, QD, 15.09.1984, 5.0757
143000, QD, 22.09.1984, 2.1443
143000, QD, 29.09.1984, 1.75
143000, QD, 06.10.1984, 1.3871
143000, QD, 13.10.1984, 1.15
143000, QD, 20.10.1984, 1.0143
143000, QD, 27.10.1984, 0.98
143000, QD, 03.11.1984, 0.98
143000, QD, 10.11.1984, 1.0157
143000, QD, 17.11.1984, 1.22
143000, QD, 24.11.1984, 1.6514
143000, QD, 01.12.1984, 0.9729
143000, QD, 08.12.1984, 0.94
143000, QD, 15.12.1984, 0.88
143000, QD, 22.12.1984, 0.7643
143000, QD, 29.12.1984, 0.61
143000, QD, 05.01.1985, 0.5186
143000, QD, 12.01.1985, 0.4586
143000, QD, 19.01.1985, 0.78
143000, QD, 26.01.1985, 1.4314
143000, QD, 02.02.1985, 3.3214
143000, QD, 09.02.1985, 0.9329
143000, QD, 16.02.1985, 0.6114
143000, QD, 23.02.1985, 1.7271
143000, QD, 02.03.1985, 2.5243
143000, QD, 09.03.1985, 1.82
143000, QD, 16.03.1985, 1.71
143000, QD, 23.03.1985, 8.0214
143000, QD, 30.03.1985, 5.4
143000, QD, 06.04.1985, 4.1543
143000, QD, 13.04.1985, 2.9071
143000, QD, 20.04.1985, 2.5343
143000, QD, 27.04.1985, 3.0143
143000, QD, 04.05.1985, 3.0243
143000, QD, 11.05.1985, 2.0571
143000, QD, 18.05.1985, 3.5257
143000, QD, 25.05.1985, 1.9429
143000, QD, 01.06.1985, 2.3386
143000, QD, 08.06.1985, 1.64
143000, QD, 15.06.1985, 1.4686
143000, QD, 22.06.1985, 1.9571
143000, QD, 29.06.1985, 1.5371
143000, QD, 06.07.1985, 1.0571
143000, QD, 13.07.1985, 0.81
143000, QD, 20.07.1985, 0.71
143000, QD, 27.07.1985, 0.8129
143000, QD, 03.08.1985, 2.9171
143000, QD, 10.08.1985, 1.0486
143000, QD, 17.08.1985, 3.1843
143000, QD, 24.08.1985, 4.1214
143000, QD, 31.08.1985, 2.5943
143000, QD, 07.09.1985, 2.0186
143000, QD, 14.09.1985, 1.3257
143000, QD, 21.09.1985, 1.0171
143000, QD, 28.09.1985, 0.9029
143000, QD, 05.10.1985, 0.8857
143000, QD, 12.10.1985, 0.9257
143000, QD, 19.10.1985, 0.92
143000, QD, 26.10.1985, 0.9409
143000, QD, 02.11.1985, 1.0864
143000, QD, 09.11.1985, 1.4686
143000, QD, 16.11.1985, 0.9127
143000, QD, 23.11.1985, 0.8457
143000, QD, 30.11.1985, 3.8571
143000, QD, 07.12.1985, 3.1443
143000, QD, 14.12.1985, 2.96
143000, QD, 21.12.1985, 2.5043
143000, QD, 28.12.1985, 1.9229
143000, QD, 04.01.1986, 1.6457
143000, QD, 11.01.1986, 3.1329
143000, QD, 18.01.1986, 7.1186
143000, QD, 25.01.1986, 4.3871
143000, QD, 01.02.1986, 2.5729
143000, QD, 08.02.1986, 1.9657
143000, QD, 15.02.1986, 1.6457
143000, QD, 22.02.1986, 1.4286
143000, QD, 01.03.1986, 2.5857
143000, QD, 08.03.1986, 3.3986
143000, QD, 15.03.1986, 4.4814
143000, QD, 22.03.1986, 5.9143
143000, QD, 29.03.1986, 7.7914
143000, QD, 05.04.1986, 7.54
143000, QD, 12.04.1986, 6.8229
143000, QD, 19.04.1986, 5.9886
143000, QD, 26.04.1986, 4.3671
143000, QD, 03.05.1986, 2.8429
143000, QD, 10.05.1986, 2.1257
143000, QD, 17.05.1986, 3.0014
143000, QD, 24.05.1986, 4.92
143000, QD, 31.05.1986, 9.0886
143000, QD, 07.06.1986, 5.96
143000, QD, 14.06.1986, 6.1429
143000, QD, 21.06.1986, 4.2357
143000, QD, 28.06.1986, 2.3614
143000, QD, 05.07.1986, 2.4543
143000, QD, 12.07.1986, 1.7886
143000, QD, 19.07.1986, 1.8914
143000, QD, 26.07.1986, 1.3086
143000, QD, 02.08.1986, 1.3086
143000, QD, 09.08.1986, 1.4
143000, QD, 16.08.1986, 1.3143
143000, QD, 23.08.1986, 1.2443
143000, QD, 30.08.1986, 0.9857
143000, QD, 06.09.1986, 0.8529
143000, QD, 13.09.1986, 0.8329
143000, QD, 20.09.1986, 0.7814
143000, QD, 27.09.1986, 0.7529
143000, QD, 04.10.1986, 0.7457
143000, QD, 11.10.1986, 0.7743
143000, QD, 18.10.1986, 1.7457
143000, QD, 25.10.1986, 1.12
143000, QD, 01.11.1986, 1.1886
143000, QD, 08.11.1986, 0.9457
143000, QD, 15.11.1986, 0.86
143000, QD, 22.11.1986, 0.9086
143000, QD, 29.11.1986, 0.8943
143000, QD, 06.12.1986, 0.86
143000, QD, 13.12.1986, 1.1529
143000, QD, 20.12.1986, 1.1371
143000, QD, 27.12.1986, 6.0914
143000, QD, 03.01.1987, 3.2543
143000, QD, 10.01.1987, 1.1257
143000, QD, 17.01.1987, 0.82
143000, QD, 24.01.1987, 0.8543
143000, QD, 31.01.1987, 0.76
143000, QD, 07.02.1987, 3.2857
143000, QD, 14.02.1987, 4.4629
143000, QD, 21.02.1987, 4.2943
143000, QD, 28.02.1987, 8.0
143000, QD, 07.03.1987, 3.3086
143000, QD, 14.03.1987, 2.2286
143000, QD, 21.03.1987, 10.2571
143000, QD, 28.03.1987, 13.16
143000, QD, 04.04.1987, 10.6286
143000, QD, 11.04.1987, 8.4743
143000, QD, 18.04.1987, 5.6086
143000, QD, 25.04.1987, 3.6029
143000, QD, 02.05.1987, 6.48
143000, QD, 09.05.1987, 4.7657
143000, QD, 16.05.1987, 6.9229
143000, QD, 23.05.1987, 7.7029
143000, QD, 30.05.1987, 4.7943
143000, QD, 06.06.1987, 3.6829
143000, QD, 13.06.1987, 2.7457
143000, QD, 20.06.1987, 3.5629
143000, QD, 27.06.1987, 3.2629
143000, QD, 04.07.1987, 2.0771
143000, QD, 11.07.1987, 1.5657
143000, QD, 18.07.1987, 3.3057
143000, QD, 25.07.1987, 2.22
143000, QD, 01.08.1987, 2.3171
143000, QD, 08.08.1987, 1.56
143000, QD, 15.08.1987, 1.3
143000, QD, 22.08.1987, 1.0286
143000, QD, 29.08.1987, 0.9571
143000, QD, 05.09.1987, 1.7171
143000, QD, 12.09.1987, 0.9371
143000, QD, 19.09.1987, 0.9371
143000, QD, 26.09.1987, 1.6257
143000, QD, 03.10.1987, 1.0571
143000, QD, 10.10.1987, 1.0
143000, QD, 17.10.1987, 1.1429
143000, QD, 24.10.1987, 1.2657
143000, QD, 31.10.1987, 1.1857
143000, QD, 07.11.1987, 1.2314
143000, QD, 14.11.1987, 1.72
143000, QD, 21.11.1987, 1.64
143000, QD, 28.11.1987, 1.2857
143000, QD, 05.12.1987, 1.0514
143000, QD, 12.12.1987, 1.8457
143000, QD, 19.12.1987, 7.16
143000, QD, 26.12.1987, 3.1114
143000, QD, 02.01.1988, 2.6771
143000, QD, 09.01.1988, 1.8629
143000, QD, 16.01.1988, 1.7
143000, QD, 23.01.1988, 2.3943
143000, QD, 30.01.1988, 3.2143
143000, QD, 06.02.1988, 3.5171
143000, QD, 13.02.1988, 2.8114
143000, QD, 20.02.1988, 2.4886
143000, QD, 27.02.1988, 2.2657
143000, QD, 05.03.1988, 2.04
143000, QD, 12.03.1988, 7.04
143000, QD, 19.03.1988, 17.0314
143000, QD, 26.03.1988, 19.2286
143000, QD, 02.04.1988, 13.5286
143000, QD, 09.04.1988, 12.2429
143000, QD, 16.04.1988, 7.3886
143000, QD, 23.04.1988, 5.0086
143000, QD, 30.04.1988, 3.3657
143000, QD, 07.05.1988, 2.2886
143000, QD, 14.05.1988, 2.0143
143000, QD, 21.05.1988, 1.8257
143000, QD, 28.05.1988, 1.74
143000, QD, 04.06.1988, 4.6314
143000, QD, 11.06.1988, 2.8743
143000, QD, 18.06.1988, 1.8829
143000, QD, 25.06.1988, 2.2914
143000, QD, 02.07.1988, 2.0171
143000, QD, 09.07.1988, 2.02
143000, QD, 16.07.1988, 1.6257
143000, QD, 23.07.1988, 1.7714
143000, QD, 30.07.1988, 1.4257
143000, QD, 06.08.1988, 1.1429
143000, QD, 13.08.1988, 0.9143
143000, QD, 20.08.1988, 1.3657
143000, QD, 27.08.1988, 1.3114
143000, QD, 03.09.1988, 1.6314
143000, QD, 10.09.1988, 1.1714
143000, QD, 17.09.1988, 1.0857
143000, QD, 24.09.1988, 0.8743
143000, QD, 01.10.1988, 0.9086
143000, QD, 08.10.1988, 0.9229
143000, QD, 15.10.1988, 0.8843
143000, QD, 22.10.1988, 1.0
143000, QD, 29.10.1988, 1.0571
143000, QD, 05.11.1988, 0.9186
143000, QD, 12.11.1988, 1.6171
143000, QD, 19.11.1988, 1.2686
143000, QD, 26.11.1988, 1.7486
143000, QD, 03.12.1988, 3.9343
143000, QD, 10.12.1988, 5.2971
143000, QD, 17.12.1988, 3.6257
143000, QD, 24.12.1988, 6.16
143000, QD, 31.12.1988, 3.6029
143000, QD, 07.01.1989, 3.1829
143000, QD, 14.01.1989, 2.3743
143000, QD, 21.01.1989, 1.9029
143000, QD, 28.01.1989, 1.6257
143000, QD, 04.02.1989, 1.66
143000, QD, 11.02.1989, 1.54
143000, QD, 18.02.1989, 2.5143
143000, QD, 25.02.1989, 2.1714
143000, QD, 04.03.1989, 2.6714
143000, QD, 11.03.1989, 2.4886
143000, QD, 18.03.1989, 2.3971
143000, QD, 25.03.1989, 2.0057
143000, QD, 01.04.1989, 2.3343
143000, QD, 08.04.1989, 1.8629
143000, QD, 15.04.1989, 2.5657
143000, QD, 22.04.1989, 2.1771
143000, QD, 29.04.1989, 3.8657
143000, QD, 06.05.1989, 2.9171
143000, QD, 13.05.1989, 2.4457
143000, QD, 20.05.1989, 1.62
143000, QD, 27.05.1989, 1.5686
143000, QD, 03.06.1989, 1.9714
143000, QD, 10.06.1989, 1.58
143000, QD, 17.06.1989, 1.2857
143000, QD, 24.06.1989, 1.2914
143000, QD, 01.07.1989, 1.4914
143000, QD, 08.07.1989, 2.6
143000, QD, 15.07.1989, 1.3057
143000, QD, 22.07.1989, 3.8571
143000, QD, 29.07.1989, 2.6971
143000, QD, 05.08.1989, 2.5457
143000, QD, 12.08.1989, 1.7943
143000, QD, 19.08.1989, 1.7514
143000, QD, 26.08.1989, 2.04
143000, QD, 02.09.1989, 5.6171
143000, QD, 09.09.1989, 2.9114
143000, QD, 16.09.1989, 2.1743
143000, QD, 23.09.1989, 3.7514
143000, QD, 30.09.1989, 3.3714
143000, QD, 07.10.1989, 2.7629
143000, QD, 14.10.1989, 2.3057
143000, QD, 21.10.1989, 1.92
143000, QD, 28.10.1989, 1.9229
143000, QD, 04.11.1989, 2.52
143000, QD, 11.11.1989, 1.78
143000, QD, 18.11.1989, 1.4114
143000, QD, 25.11.1989, 1.3143
143000, QD, 02.12.1989, 1.1143
143000, QD, 09.12.1989, 3.5286
143000, QD, 16.12.1989, 4.6457
143000, QD, 23.12.1989, 3.0714
143000, QD, 30.12.1989, 2.2371
143000, QD, 06.01.1990, 1.82
143000, QD, 13.01.1990, 1.78
143000, QD, 20.01.1990, 2.5343
143000, QD, 27.01.1990, 2.0743
143000, QD, 03.02.1990, 1.6
143000, QD, 10.02.1990, 1.64
143000, QD, 17.02.1990, 3.5057
143000, QD, 24.02.1990, 7.3829
143000, QD, 03.03.1990, 6.06
143000, QD, 10.03.1990, 4.5457
143000, QD, 17.03.1990, 2.9829
143000, QD, 24.03.1990, 2.68
143000, QD, 31.03.1990, 2.4657
143000, QD, 07.04.1990, 3.0857
143000, QD, 14.04.1990, 2.6286
143000, QD, 21.04.1990, 3.4314
143000, QD, 28.04.1990, 2.6114
143000, QD, 05.05.1990, 2.4771
143000, QD, 12.05.1990, 2.3657
143000, QD, 19.05.1990, 1.54
143000, QD, 26.05.1990, 1.3657
143000, QD, 02.06.1990, 1.2829
143000, QD, 09.06.1990, 1.8743
143000, QD, 16.06.1990, 2.6257
143000, QD, 23.06.1990, 2.08
143000, QD, 30.06.1990, 1.5171
143000, QD, 07.07.1990, 1.5171
143000, QD, 14.07.1990, 0.9714
143000, QD, 21.07.1990, 0.8
143000, QD, 28.07.1990, 0.69
143000, QD, 04.08.1990, 0.69
143000, QD, 11.08.1990, 1.0157
143000, QD, 18.08.1990, 1.0729
143000, QD, 25.08.1990, 0.76
143000, QD, 01.09.1990, 0.8143
143000, QD, 08.09.1990, 0.8971
143000, QD, 15.09.1990, 0.77
143000, QD, 22.09.1990, 1.3457
143000, QD, 29.09.1990, 1.1343
143000, QD, 06.10.1990, 1.2943
143000, QD, 13.10.1990, 0.9857
143000, QD, 20.10.1990, 0.9429
143000, QD, 27.10.1990, 1.3686
143000, QD, 03.11.1990, 1.3143
143000, QD, 10.11.1990, 1.3286
143000, QD, 17.11.1990, 2.4286
143000, QD, 24.11.1990, 2.0429
143000, QD, 01.12.1990, 1.8
143000, QD, 08.12.1990, 1.66
143000, QD, 15.12.1990, 1.64
143000, QD, 22.12.1990, 1.7
143000, QD, 29.12.1990, 6.5943
143000, QD, 05.01.1991, 4.3543
143000, QD, 12.01.1991, 2.5686
143000, QD, 19.01.1991, 1.54
143000, QD, 26.01.1991, 1.42
143000, QD, 02.02.1991, 1.3143
143000, QD, 09.02.1991, 1.3
143000, QD, 16.02.1991, 1.3429
143000, QD, 23.02.1991, 2.6943
143000, QD, 02.03.1991, 1.64
143000, QD, 09.03.1991, 2.2171
143000, QD, 16.03.1991, 1.9829
143000, QD, 23.03.1991, 3.0257
143000, QD, 30.03.1991, 2.6486
143000, QD, 06.04.1991, 2.4657
143000, QD, 13.04.1991, 1.9829
143000, QD, 20.04.1991, 1.7
143000, QD, 27.04.1991, 1.9971
143000, QD, 04.05.1991, 2.4629
143000, QD, 11.05.1991, 2.0229
143000, QD, 18.05.1991, 1.62
143000, QD, 25.05.1991, 1.62
143000, QD, 01.06.1991, 1.3571
143000, QD, 08.06.1991, 1.1429
143000, QD, 15.06.1991, 2.5686
143000, QD, 22.06.1991, 2.0714
143000, QD, 29.06.1991, 1.8857
143000, QD, 06.07.1991, 1.1429
143000, QD, 13.07.1991, 2.0029
143000, QD, 20.07.1991, 1.0429
143000, QD, 27.07.1991, 5.79
143000, QD, 03.08.1991, 9.9314
143000, QD, 10.08.1991, 3.2371
143000, QD, 17.08.1991, 1.9
143000, QD, 24.08.1991, 1.4029
143000, QD, 31.08.1991, 0.9986
143000, QD, 07.09.1991, 1.0286
143000, QD, 14.09.1991, 0.9571
143000, QD, 21.09.1991, 0.9714
143000, QD, 28.09.1991, 0.8343
143000, QD, 05.10.1991, 0.72
143000, QD, 12.10.1991, 0.77
143000, QD, 19.10.1991, 0.77
143000, QD, 26.10.1991, 0.7663
143000, QD, 02.11.1991, 0.776
143000, QD, 09.11.1991, 0.8264
143000, QD, 16.11.1991, 1.0269
143000, QD, 23.11.1991, 0.9449
143000, QD, 30.11.1991, 0.8967
143000, QD, 07.12.1991, 0.7321
143000, QD, 14.12.1991, 1.0619
143000, QD, 21.12.1991, 5.9271
143000, QD, 28.12.1991, 2.1443
143000, QD, 04.01.1992, 2.5014
143000, QD, 11.01.1992, 2.2743
143000, QD, 18.01.1992, 1.5629
143000, QD, 25.01.1992, 1.2686
143000, QD, 01.02.1992, 1.5571
143000, QD, 08.02.1992, 2.0314
143000, QD, 15.02.1992, 1.9
143000, QD, 22.02.1992, 1.6514
143000, QD, 29.02.1992, 1.7643
143000, QD, 07.03.1992, 2.2143
143000, QD, 14.03.1992, 4.1986
143000, QD, 21.03.1992, 5.5571
143000, QD, 28.03.1992, 4.6829
143000, QD, 04.04.1992, 6.6457
143000, QD, 11.04.1992, 4.4857
143000, QD, 18.04.1992, 3.05
143000, QD, 25.04.1992, 2.7743
143000, QD, 02.05.1992, 2.03
143000, QD, 09.05.1992, 1.6986
143000, QD, 16.05.1992, 1.2143
143000, QD, 23.05.1992, 1.0237
143000, QD, 30.05.1992, 0.974
143000, QD, 06.06.1992, 1.2083
143000, QD, 13.06.1992, 0.8191
143000, QD, 20.06.1992, 0.877
143000, QD, 27.06.1992, 0.6099
143000, QD, 04.07.1992, 1.2643
143000, QD, 11.07.1992, 0.9991
143000, QD, 18.07.1992, 0.7063
143000, QD, 25.07.1992, 0.4956
143000, QD, 01.08.1992, 0.4969
143000, QD, 08.08.1992, 0.4403
143000, QD, 15.08.1992, 0.3893
143000, QD, 22.08.1992, 0.3951
143000, QD, 29.08.1992, 0.3839
143000, QD, 05.09.1992, 0.4679
143000, QD, 12.09.1992, 0.4303
143000, QD, 19.09.1992, 0.4013
143000, QD, 26.09.1992, 0.8993
143000, QD, 03.10.1992, 1.0951
143000, QD, 10.10.1992, 0.6617
143000, QD, 17.10.1992, 1.1284
143000, QD, 24.10.1992, 2.4286
143000, QD, 31.10.1992, 1.4543
143000, QD, 07.11.1992, 1.2529
143000, QD, 14.11.1992, 1.49
143000, QD, 21.11.1992, 3.6829
143000, QD, 28.11.1992, 2.5286
143000, QD, 05.12.1992, 2.9957
143000, QD, 12.12.1992, 2.2814
143000, QD, 19.12.1992, 1.7386
143000, QD, 26.12.1992, 1.1486
143000, QD, 02.01.1993, 1.3851
143000, QD, 09.01.1993, 3.4686
143000, QD, 16.01.1993, 1.5586
143000, QD, 23.01.1993, 2.8171
143000, QD, 30.01.1993, 1.3829
143000, QD, 06.02.1993, 1.2371
143000, QD, 13.02.1993, 1.1357
143000, QD, 20.02.1993, 1.1043
143000, QD, 27.02.1993, 1.0054
143000, QD, 06.03.1993, 0.9843
143000, QD, 13.03.1993, 9.0129
143000, QD, 20.03.1993, 6.7914
143000, QD, 27.03.1993, 3.6986
143000, QD, 03.04.1993, 3.0343
143000, QD, 10.04.1993, 2.3529
143000, QD, 17.04.1993, 2.2329
143000, QD, 24.04.1993, 1.5686
143000, QD, 01.05.1993, 1.3443
143000, QD, 08.05.1993, 1.0431
143000, QD, 15.05.1993, 1.1257
143000, QD, 22.05.1993, 1.3971
143000, QD, 29.05.1993, 1.3134
143000, QD, 05.06.1993, 1.4854
143000, QD, 12.06.1993, 1.5486
143000, QD, 19.06.1993, 1.5229
143000, QD, 26.06.1993, 1.3457
143000, QD, 03.07.1993, 1.0167
143000, QD, 10.07.1993, 1.9199
143000, QD, 17.07.1993, 3.1414
143000, QD, 24.07.1993, 1.81
143000, QD, 31.07.1993, 1.2457
143000, QD, 07.08.1993, 0.8479
143000, QD, 14.08.1993, 0.8184
143000, QD, 21.08.1993, 0.8006
143000, QD, 28.08.1993, 1.1873
143000, QD, 04.09.1993, 1.3343
143000, QD, 11.09.1993, 1.3971
143000, QD, 18.09.1993, 0.9456
143000, QD, 25.09.1993, 1.0833
143000, QD, 02.10.1993, 0.821
143000, QD, 09.10.1993, 0.818
143000, QD, 16.10.1993, 1.0037
143000, QD, 23.10.1993, 5.3757
143000, QD, 30.10.1993, 1.8729
143000, QD, 06.11.1993, 2.2743
143000, QD, 13.11.1993, 1.9129
143000, QD, 20.11.1993, 1.1303
143000, QD, 27.11.1993, 0.9959
143000, QD, 04.12.1993, 2.53
143000, QD, 11.12.1993, 3.8214
143000, QD, 18.12.1993, 16.4514
143000, QD, 25.12.1993, 9.5871
143000, QD, 01.01.1994, 6.8486
143000, QD, 08.01.1994, 4.1771
143000, QD, 15.01.1994, 3.0043
143000, QD, 22.01.1994, 3.8386
143000, QD, 29.01.1994, 3.2929
143000, QD, 05.02.1994, 2.7771
143000, QD, 12.02.1994, 1.4886
143000, QD, 19.02.1994, 1.2203
143000, QD, 26.02.1994, 2.8929
143000, QD, 05.03.1994, 2.5243
143000, QD, 12.03.1994, 3.1386
143000, QD, 19.03.1994, 3.6871
143000, QD, 26.03.1994, 4.2014
143000, QD, 02.04.1994, 3.0629
143000, QD, 09.04.1994, 3.4929
143000, QD, 16.04.1994, 7.3529
143000, QD, 23.04.1994, 4.1214
143000, QD, 30.04.1994, 2.8914
143000, QD, 07.05.1994, 2.2143
143000, QD, 14.05.1994, 1.7743
143000, QD, 21.05.1994, 1.5643
143000, QD, 28.05.1994, 1.3886
143000, QD, 04.06.1994, 1.28
143000, QD, 11.06.1994, 1.1929
143000, QD, 18.06.1994, 0.9409
143000, QD, 25.06.1994, 1.0169
143000, QD, 02.07.1994, 0.8931
143000, QD, 09.07.1994, 0.738
143000, QD, 16.07.1994, 1.9364
143000, QD, 23.07.1994, 1.0131
143000, QD, 30.07.1994, 0.8124
143000, QD, 06.08.1994, 1.0084
143000, QD, 13.08.1994, 0.8356
143000, QD, 20.08.1994, 0.7561
143000, QD, 27.08.1994, 0.6579
143000, QD, 03.09.1994, 0.6341
143000, QD, 10.09.1994, 0.6681
143000, QD, 17.09.1994, 0.6273
143000, QD, 24.09.1994, 0.7356
143000, QD, 01.10.1994, 0.8437
143000, QD, 08.10.1994, 1.0051
143000, QD, 15.10.1994, 0.7673
143000, QD, 22.10.1994, 0.834
143000, QD, 29.10.1994, 0.8404
143000, QD, 05.11.1994, 0.6866
143000, QD, 12.11.1994, 0.7286
143000, QD, 19.11.1994, 1.2731
143000, QD, 26.11.1994, 1.1367
143000, QD, 03.12.1994, 0.8574
143000, QD, 10.12.1994, 1.0253
143000, QD, 17.12.1994, 1.0491
143000, QD, 24.12.1994, 3.5616
143000, QD, 31.12.1994, 2.6214
143000, QD, 07.01.1995, 1.5
143000, QD, 14.01.1995, 1.32
143000, QD, 21.01.1995, 8.7271
143000, QD, 28.01.1995, 8.2529
143000, QD, 04.02.1995, 4.4014
143000, QD, 11.02.1995, 2.9671
143000, QD, 18.02.1995, 2.5971
143000, QD, 25.02.1995, 2.22
143000, QD, 04.03.1995, 2.0229
143000, QD, 11.03.1995, 1.8771
143000, QD, 18.03.1995, 4.2771
143000, QD, 25.03.1995, 5.4971
143000, QD, 01.04.1995, 9.2157
143000, QD, 08.04.1995, 6.1514
143000, QD, 15.04.1995, 6.46
143000, QD, 22.04.1995, 3.87
143000, QD, 29.04.1995, 2.7757
143000, QD, 06.05.1995, 2.0957
143000, QD, 13.05.1995, 4.4643
143000, QD, 20.05.1995, 2.0929
143000, QD, 27.05.1995, 8.4257
143000, QD, 03.06.1995, 13.6786
143000, QD, 10.06.1995, 10.4214
143000, QD, 17.06.1995, 5.6829
143000, QD, 24.06.1995, 8.7257
143000, QD, 01.07.1995, 4.4771
143000, QD, 08.07.1995, 2.84
143000, QD, 15.07.1995, 3.3729
143000, QD, 22.07.1995, 2.3114
143000, QD, 29.07.1995, 1.6757
143000, QD, 05.08.1995, 1.7214
143000, QD, 12.08.1995, 1.2514
143000, QD, 19.08.1995, 1.3757
143000, QD, 26.08.1995, 4.1243
143000, QD, 02.09.1995, 7.1143
143000, QD, 09.09.1995, 3.14
143000, QD, 16.09.1995, 2.8671
143000, QD, 23.09.1995, 2.4486
143000, QD, 30.09.1995, 3.6486
143000, QD, 07.10.1995, 2.2986
143000, QD, 14.10.1995, 1.8971
143000, QD, 21.10.1995, 1.6786
143000, QD, 28.10.1995, 2.3929
143000, QD, 04.11.1995, 2.9786
143000, QD, 11.11.1995, 3.3743
143000, QD, 18.11.1995, 3.6343
143000, QD, 25.11.1995, 3.0443
143000, QD, 02.12.1995, 2.1914
143000, QD, 09.12.1995, 1.9643
143000, QD, 16.12.1995, 2.19
143000, QD, 23.12.1995, 12.4771
143000, QD, 30.12.1995, 3.7086
143000, QD, 06.01.1996, 2.7157
143000, QD, 13.01.1996, 2.4014
143000, QD, 20.01.1996, 2.0571
143000, QD, 27.01.1996, 1.8857
143000, QD, 03.02.1996, 1.76
143000, QD, 10.02.1996, 1.6486
143000, QD, 17.02.1996, 1.5543
143000, QD, 24.02.1996, 1.4443
143000, QD, 02.03.1996, 1.3271
143000, QD, 09.03.1996, 1.19
143000, QD, 16.03.1996, 3.3329
143000, QD, 23.03.1996, 8.9614
143000, QD, 30.03.1996, 4.14
143000, QD, 06.04.1996, 12.1343
143000, QD, 13.04.1996, 8.2386
143000, QD, 20.04.1996, 7.1471
143000, QD, 27.04.1996, 5.2329
143000, QD, 04.05.1996, 5.0643
143000, QD, 11.05.1996, 13.08
143000, QD, 18.05.1996, 8.6429
143000, QD, 25.05.1996, 5.57
143000, QD, 01.06.1996, 6.7757
143000, QD, 08.06.1996, 4.0014
143000, QD, 15.06.1996, 2.9114
143000, QD, 22.06.1996, 3.22
143000, QD, 29.06.1996, 2.1014
143000, QD, 06.07.1996, 5.4529
143000, QD, 13.07.1996, 4.0
143000, QD, 20.07.1996, 2.4043
143000, QD, 27.07.1996, 2.89
143000, QD, 03.08.1996, 3.1543
143000, QD, 10.08.1996, 2.6286
143000, QD, 17.08.1996, 1.7743
143000, QD, 24.08.1996, 2.0871
143000, QD, 31.08.1996, 1.6771
143000, QD, 07.09.1996, 2.2657
143000, QD, 14.09.1996, 2.6929
143000, QD, 21.09.1996, 2.3243
143000, QD, 28.09.1996, 2.0914
143000, QD, 05.10.1996, 2.4486
143000, QD, 12.10.1996, 2.1
143000, QD, 19.10.1996, 9.2043
143000, QD, 26.10.1996, 5.7486
143000, QD, 02.11.1996, 4.1429
143000, QD, 09.11.1996, 3.9371
143000, QD, 16.11.1996, 5.4043
143000, QD, 23.11.1996, 4.0943
143000, QD, 30.11.1996, 3.3386
143000, QD, 07.12.1996, 2.8814
143000, QD, 14.12.1996, 3.0871
143000, QD, 21.12.1996, 2.3157
143000, QD, 28.12.1996, 1.4129
143000, QD, 04.01.1997, 1.22
143000, QD, 11.01.1997, 1.1414
143000, QD, 18.01.1997, 1.25
143000, QD, 25.01.1997, 1.4829
143000, QD, 01.02.1997, 1.4886
143000, QD, 08.02.1997, 4.1757
143000, QD, 15.02.1997, 5.6786
143000, QD, 22.02.1997, 9.7343
143000, QD, 01.03.1997, 7.77
143000, QD, 08.03.1997, 5.1786
143000, QD, 15.03.1997, 8.0371
143000, QD, 22.03.1997, 7.18
143000, QD, 29.03.1997, 6.0786
143000, QD, 05.04.1997, 4.83
143000, QD, 12.04.1997, 3.9971
143000, QD, 19.04.1997, 3.9657
143000, QD, 26.04.1997, 4.4671
143000, QD, 03.05.1997, 3.8814
143000, QD, 10.05.1997, 3.1414
143000, QD, 17.05.1997, 3.8443
143000, QD, 24.05.1997, 2.7971
143000, QD, 31.05.1997, 2.1671
143000, QD, 07.06.1997, 1.6429
143000, QD, 14.06.1997, 1.7971
143000, QD, 21.06.1997, 1.7486
143000, QD, 28.06.1997, 1.4271
143000, QD, 05.07.1997, 3.7757
143000, QD, 12.07.1997, 2.4857
143000, QD, 19.07.1997, 5.3957
143000, QD, 26.07.1997, 3.83
143000, QD, 02.08.1997, 2.2386
143000, QD, 09.08.1997, 1.5657
143000, QD, 16.08.1997, 1.9657
143000, QD, 23.08.1997, 1.7343
143000, QD, 30.08.1997, 1.5629
143000, QD, 06.09.1997, 1.3386
143000, QD, 13.09.1997, 1.15
143000, QD, 20.09.1997, 1.0771
143000, QD, 27.09.1997, 1.0509
143000, QD, 04.10.1997, 1.1057
143000, QD, 11.10.1997, 1.9714
143000, QD, 18.10.1997, 1.2914
143000, QD, 25.10.1997, 1.2486
143000, QD, 01.11.1997, 1.1557
143000, QD, 08.11.1997, 1.1327
143000, QD, 15.11.1997, 1.3043
143000, QD, 22.11.1997, 0.9771
143000, QD, 29.11.1997, 1.5247
143000, QD, 06.12.1997, 1.7329
143000, QD, 13.12.1997, 2.7343
143000, QD, 20.12.1997, 2.3971
143000, QD, 27.12.1997, 2.4657
143000, QD, 03.01.1998, 2.3643
143000, QD, 10.01.1998, 2.0229
143000, QD, 17.01.1998, 1.9586
143000, QD, 24.01.1998, 1.4786
143000, QD, 31.01.1998, 1.1571
143000, QD, 07.02.1998, 1.7714
143000, QD, 14.02.1998, 2.1943
143000, QD, 21.02.1998, 1.8543
143000, QD, 28.02.1998, 1.76
143000, QD, 07.03.1998, 2.6143
143000, QD, 14.03.1998, 6.2271
143000, QD, 21.03.1998, 4.8
143000, QD, 28.03.1998, 3.0443
143000, QD, 04.04.1998, 2.2143
143000, QD, 11.04.1998, 2.1057
143000, QD, 18.04.1998, 1.7829
143000, QD, 25.04.1998, 1.3871
143000, QD, 02.05.1998, 1.4157
143000, QD, 09.05.1998, 0.9274
143000, QD, 16.05.1998, 1.0163
143000, QD, 23.05.1998, 0.9227
143000, QD, 30.05.1998, 1.0279
143000, QD, 06.06.1998, 1.0344
143000, QD, 13.06.1998, 2.2243
143000, QD, 20.06.1998, 1.1023
143000, QD, 27.06.1998, 1.9943
143000, QD, 04.07.1998, 1.2114
143000, QD, 11.07.1998, 0.9754
143000, QD, 18.07.1998, 0.8106
143000, QD, 25.07.1998, 0.7907
143000, QD, 01.08.1998, 0.7956
143000, QD, 08.08.1998, 0.6484
143000, QD, 15.08.1998, 0.6337
143000, QD, 22.08.1998, 0.7317
143000, QD, 29.08.1998, 0.7259
143000, QD, 05.09.1998, 0.8284
143000, QD, 12.09.1998, 1.5914
143000, QD, 19.09.1998, 1.0521
143000, QD, 26.09.1998, 0.7936
143000, QD, 03.10.1998, 0.9683
143000, QD, 10.10.1998, 1.0591
143000, QD, 17.10.1998, 0.9289
143000, QD, 24.10.1998, 3.5091
143000, QD, 31.10.1998, 7.08
143000, QD, 07.11.1998, 5.21
143000, QD, 14.11.1998, 3.6957
143000, QD, 21.11.1998, 2.7586
143000, QD, 28.11.1998, 2.0671
143000, QD, 05.12.1998, 1.7271
143000, QD, 12.12.1998, 4.0629
143000, QD, 19.12.1998, 2.75
143000, QD, 26.12.1998, 2.2614
143000, QD, 02.01.1999, 2.15
143000, QD, 09.01.1999, 2.2714
143000, QD, 16.01.1999, 1.9343
143000, QD, 23.01.1999, 2.2857
143000, QD, 30.01.1999, 2.4314
143000, QD, 06.02.1999, 3.0943
143000, QD, 13.02.1999, 2.2543
143000, QD, 20.02.1999, 5.1743
143000, QD, 27.02.1999, 8.7843
143000, QD, 06.03.1999, 7.0929
143000, QD, 13.03.1999, 4.7371
143000, QD, 20.03.1999, 3.4714
143000, QD, 27.03.1999, 3.3114
143000, QD, 03.04.1999, 3.1471
143000, QD, 10.04.1999, 2.6757
143000, QD, 17.04.1999, 2.3614
143000, QD, 24.04.1999, 2.0771
143000, QD, 01.05.1999, 1.85
143000, QD, 08.05.1999, 1.6171
143000, QD, 15.05.1999, 1.3614
143000, QD, 22.05.1999, 1.4243
143000, QD, 29.05.1999, 1.5043
143000, QD, 05.06.1999, 0.9676
143000, QD, 12.06.1999, 1.0086
143000, QD, 19.06.1999, 1.0977
143000, QD, 26.06.1999, 1.0713
143000, QD, 03.07.1999, 2.0104
143000, QD, 10.07.1999, 8.45
143000, QD, 17.07.1999, 2.3886
143000, QD, 24.07.1999, 1.7343
143000, QD, 31.07.1999, 1.0724
143000, QD, 07.08.1999, 1.18
143000, QD, 14.08.1999, 0.8697
143000, QD, 21.08.1999, 0.7353
143000, QD, 28.08.1999, 2.1586
143000, QD, 04.09.1999, 1.1021
143000, QD, 11.09.1999, 0.7936
143000, QD, 18.09.1999, 1.1797
143000, QD, 25.09.1999, 1.1006
143000, QD, 02.10.1999, 0.9774
143000, QD, 09.10.1999, 0.7776
143000, QD, 16.10.1999, 0.7394
143000, QD, 23.10.1999, 0.7796
143000, QD, 30.10.1999, 0.8443
143000, QD, 06.11.1999, 1.6394
143000, QD, 13.11.1999, 1.3886
143000, QD, 20.11.1999, 0.913
143000, QD, 27.11.1999, 1.0711
143000, QD, 04.12.1999, 1.2714
143000, QD, 11.12.1999, 1.552
143000, QD, 18.12.1999, 0.8517
143000, QD, 25.12.1999, 2.3343
143000, QD, 01.01.2000, 1.38
143000, QD, 08.01.2000, 1.2214
143000, QD, 15.01.2000, 1.3543
143000, QD, 22.01.2000, 1.1234
143000, QD, 29.01.2000, 7.4671
143000, QD, 05.02.2000, 5.33
143000, QD, 12.02.2000, 3.6414
143000, QD, 19.02.2000, 3.0157
143000, QD, 26.02.2000, 3.6157
143000, QD, 04.03.2000, 4.7771
143000, QD, 11.03.2000, 7.1729
143000, QD, 18.03.2000, 7.8857
143000, QD, 25.03.2000, 12.4757
143000, QD, 01.04.2000, 9.4086
143000, QD, 08.04.2000, 5.2243
143000, QD, 15.04.2000, 3.4129
143000, QD, 22.04.2000, 2.6457
143000, QD, 29.04.2000, 2.2057
143000, QD, 06.05.2000, 2.0829
143000, QD, 13.05.2000, 1.6357
143000, QD, 20.05.2000, 1.58
143000, QD, 27.05.2000, 1.3429
143000, QD, 03.06.2000, 1.9143
143000, QD, 10.06.2000, 1.6071
143000, QD, 17.06.2000, 1.2353
143000, QD, 24.06.2000, 1.0651
143000, QD, 01.07.2000, 0.7279
143000, QD, 08.07.2000, 0.8524
143000, QD, 15.07.2000, 0.7271
143000, QD, 22.07.2000, 0.8471
143000, QD, 29.07.2000, 0.9433
143000, QD, 05.08.2000, 1.1647
143000, QD, 12.08.2000, 0.5951
143000, QD, 19.08.2000, 0.532
143000, QD, 26.08.2000, 0.53
143000, QD, 02.09.2000, 0.6169
143000, QD, 09.09.2000, 0.5286
143000, QD, 16.09.2000, 0.7217
143000, QD, 23.09.2000, 0.67
143000, QD, 30.09.2000, 0.8571
143000, QD, 07.10.2000, 1.3354
143000, QD, 14.10.2000, 0.9941
143000, QD, 21.10.2000, 0.9
143000, QD, 28.10.2000, 0.8181
143000, QD, 04.11.2000, 0.9403
143000, QD, 11.11.2000, 0.7959
143000, QD, 18.11.2000, 0.7961
143000, QD, 25.11.2000, 1.1816
143000, QD, 02.12.2000, 0.843
143000, QD, 09.12.2000, 1.2333
143000, QD, 16.12.2000, 0.9137
143000, QD, 23.12.2000, 0.5773
143000, QD, 30.12.2000, 0.5719
143000, QD, 06.01.2001, 1.0883
143000, QD, 13.01.2001, 0.6424
143000, QD, 20.01.2001, 0.6223
143000, QD, 27.01.2001, 0.7409
143000, QD, 03.02.2001, 3.1563
143000, QD, 10.02.2001, 2.0629
143000, QD, 17.02.2001, 1.5229
143000, QD, 24.02.2001, 1.2257
143000, QD, 03.03.2001, 1.6286
143000, QD, 10.03.2001, 2.5643
143000, QD, 17.03.2001, 3.7514
143000, QD, 24.03.2001, 5.43
143000, QD, 31.03.2001, 2.7443
143000, QD, 07.04.2001, 4.43
143000, QD, 14.04.2001, 3.2686
143000, QD, 21.04.2001, 6.5343
143000, QD, 28.04.2001, 3.5957
143000, QD, 05.05.2001, 2.9757
143000, QD, 12.05.2001, 2.2943
143000, QD, 19.05.2001, 2.0614
143000, QD, 26.05.2001, 1.3014
143000, QD, 02.06.2001, 1.3614
143000, QD, 09.06.2001, 2.43
143000, QD, 16.06.2001, 2.0486
143000, QD, 23.06.2001, 1.132
143000, QD, 30.06.2001, 0.9564
143000, QD, 07.07.2001, 1.0919
143000, QD, 14.07.2001, 1.2657
143000, QD, 21.07.2001, 1.1329
143000, QD, 28.07.2001, 0.6873
143000, QD, 04.08.2001, 0.8144
143000, QD, 11.08.2001, 0.7783
143000, QD, 18.08.2001, 1.4584
143000, QD, 25.08.2001, 0.7976
143000, QD, 01.09.2001, 1.196
143000, QD, 08.09.2001, 1.166
143000, QD, 15.09.2001, 0.9819
143000, QD, 22.09.2001, 0.8626
143000, QD, 29.09.2001, 0.8134
143000, QD, 06.10.2001, 0.8427
143000, QD, 13.10.2001, 0.6434
143000, QD, 20.10.2001, 0.7673
143000, QD, 27.10.2001, 0.8044
143000, QD, 03.11.2001, 1.1833
143000, QD, 10.11.2001, 1.0386
143000, QD, 17.11.2001, 0.799
143000, QD, 24.11.2001, 2.003
143000, QD, 01.12.2001, 2.0957
143000, QD, 08.12.2001, 2.0257
143000, QD, 15.12.2001, 1.0144
143000, QD, 22.12.2001, 0.9549
143000, QD, 29.12.2001, 0.8991
143000, QD, 05.01.2002, 0.7827
143000, QD, 12.01.2002, 0.7313
143000, QD, 19.01.2002, 3.273
143000, QD, 26.01.2002, 7.6643
143000, QD, 02.02.2002, 4.2671
143000, QD, 09.02.2002, 5.3443
143000, QD, 16.02.2002, 4.7929
143000, QD, 23.02.2002, 7.3329
143000, QD, 02.03.2002, 5.5986
143000, QD, 09.03.2002, 3.9257
143000, QD, 16.03.2002, 9.0443
143000, QD, 23.03.2002, 12.2529
143000, QD, 30.03.2002, 7.1886
143000, QD, 06.04.2002, 4.2771
143000, QD, 13.04.2002, 3.1414
143000, QD, 20.04.2002, 3.7671
143000, QD, 27.04.2002, 2.6929
143000, QD, 04.05.2002, 2.4829
143000, QD, 11.05.2002, 2.1743
143000, QD, 18.05.2002, 1.4386
143000, QD, 25.05.2002, 1.8886
143000, QD, 01.06.2002, 3.0786
143000, QD, 08.06.2002, 6.8857
143000, QD, 15.06.2002, 2.28
143000, QD, 22.06.2002, 1.9057
143000, QD, 29.06.2002, 2.3986
143000, QD, 06.07.2002, 1.5486
143000, QD, 13.07.2002, 4.3
143000, QD, 20.07.2002, 2.2943
143000, QD, 27.07.2002, 1.7729
143000, QD, 03.08.2002, 23.1329
143000, QD, 10.08.2002, 61.6571
143000, QD, 17.08.2002, 13.4586
143000, QD, 24.08.2002, 6.98
143000, QD, 31.08.2002, 9.26
143000, QD, 07.09.2002, 4.6286
143000, QD, 14.09.2002, 3.4829
143000, QD, 21.09.2002, 10.5014
143000, QD, 28.09.2002, 9.5643
143000, QD, 05.10.2002, 7.73
143000, QD, 12.10.2002, 9.9771
143000, QD, 19.10.2002, 7.7243
143000, QD, 26.10.2002, 8.0171
143000, QD, 02.11.2002, 8.1257
143000, QD, 09.11.2002, 8.1957
143000, QD, 16.11.2002, 6.0971
143000, QD, 23.11.2002, 7.6343
143000, QD, 30.11.2002, 5.4243
143000, QD, 07.12.2002, 3.7629
143000, QD, 14.12.2002, 2.9671
143000, QD, 21.12.2002, 4.5729
143000, QD, 28.12.2002, 9.4886
143000, QD, 04.01.2003, 10.1671
143000, QD, 11.01.2003, 6.0029
143000, QD, 18.01.2003, 4.3029
143000, QD, 25.01.2003, 5.4857
143000, QD, 01.02.2003, 4.0057
143000, QD, 08.02.2003, 2.9457
143000, QD, 15.02.2003, 2.5414
143000, QD, 22.02.2003, 2.3543
143000, QD, 01.03.2003, 4.6957
143000, QD, 08.03.2003, 6.1529
143000, QD, 15.03.2003, 4.75
143000, QD, 22.03.2003, 3.5343
143000, QD, 29.03.2003, 3.3786
143000, QD, 05.04.2003, 2.8214
143000, QD, 12.04.2003, 2.3729
143000, QD, 19.04.2003, 1.9857
143000, QD, 26.04.2003, 1.6657
143000, QD, 03.05.2003, 1.6029
143000, QD, 10.05.2003, 1.7943
143000, QD, 17.05.2003, 1.7729
143000, QD, 24.05.2003, 1.56
143000, QD, 31.05.2003, 1.3571
143000, QD, 07.06.2003, 1.2931
143000, QD, 14.06.2003, 1.5757
143000, QD, 21.06.2003, 0.8811
143000, QD, 28.06.2003, 0.8431
143000, QD, 05.07.2003, 0.7459
143000, QD, 12.07.2003, 0.5986
143000, QD, 19.07.2003, 0.6497
143000, QD, 26.07.2003, 1.0937
143000, QD, 02.08.2003, 0.6333
143000, QD, 09.08.2003, 0.4953
143000, QD, 16.08.2003, 0.6747
143000, QD, 23.08.2003, 0.487
143000, QD, 30.08.2003, 0.5256
143000, QD, 06.09.2003, 0.5221
143000, QD, 13.09.2003, 0.5677
143000, QD, 20.09.2003, 0.4861
143000, QD, 27.09.2003, 0.5591
143000, QD, 04.10.2003, 2.0123
143000, QD, 11.10.2003, 0.9337
143000, QD, 18.10.2003, 0.9064
143000, QD, 25.10.2003, 0.8749
143000, QD, 01.11.2003, 0.7996
143000, QD, 08.11.2003, 0.7273
143000, QD, 15.11.2003, 0.71
143000, QD, 22.11.2003, 0.6994
143000, QD, 29.11.2003, 1.0011
143000, QD, 06.12.2003, 0.8161
143000, QD, 13.12.2003, 1.2043
143000, QD, 20.12.2003, 2.0886
143000, QD, 27.12.2003, 1.0546
143000, QD, 03.01.2004, 0.7271
143000, QD, 10.01.2004, 5.298
143000, QD, 17.01.2004, 2.9414
143000, QD, 24.01.2004, 1.39
143000, QD, 31.01.2004, 7.2411
143000, QD, 07.02.2004, 5.2214
143000, QD, 14.02.2004, 3.3886
143000, QD, 21.02.2004, 2.4457
143000, QD, 28.02.2004, 1.9257
143000, QD, 06.03.2004, 1.6914
143000, QD, 13.03.2004, 5.0386
143000, QD, 20.03.2004, 7.7
143000, QD, 27.03.2004, 9.0471
143000, QD, 03.04.2004, 11.8714
143000, QD, 10.04.2004, 6.6357
143000, QD, 17.04.2004, 4.7186
143000, QD, 24.04.2004, 4.4586
143000, QD, 01.05.2004, 3.2071
143000, QD, 08.05.2004, 2.9171
143000, QD, 15.05.2004, 2.7957
143000, QD, 22.05.2004, 2.5129
143000, QD, 29.05.2004, 13.39
143000, QD, 05.06.2004, 14.1871
143000, QD, 12.06.2004, 5.5714
143000, QD, 19.06.2004, 3.6186
143000, QD, 26.06.2004, 2.2371
143000, QD, 03.07.2004, 1.9529
143000, QD, 10.07.2004, 1.9529
143000, QD, 17.07.2004, 1.7186
143000, QD, 24.07.2004, 1.1607
143000, QD, 31.07.2004, 0.8659
143000, QD, 07.08.2004, 0.7526
143000, QD, 14.08.2004, 0.73
143000, QD, 21.08.2004, 0.8801
143000, QD, 28.08.2004, 0.7483
143000, QD, 04.09.2004, 0.551
143000, QD, 11.09.2004, 0.6331
143000, QD, 18.09.2004, 0.8707
143000, QD, 25.09.2004, 0.8836
143000, QD, 02.10.2004, 0.7609
143000, QD, 09.10.2004, 0.983
143000, QD, 16.10.2004, 1.1329
143000, QD, 23.10.2004, 0.9219
143000, QD, 30.10.2004, 1.2656
143000, QD, 06.11.2004, 1.4569
143000, QD, 13.11.2004, 1.8486
143000, QD, 20.11.2004, 3.0957
143000, QD, 27.11.2004, 1.8486
143000, QD, 04.12.2004, 1.2757
143000, QD, 11.12.2004, 0.963
143000, QD, 18.12.2004, 1.0897
143000, QD, 25.12.2004, 1.1906
143000, QD, 01.01.2005, 1.1373
143000, QD, 08.01.2005, 1.1986
143000, QD, 15.01.2005, 1.5629
143000, QD, 22.01.2005, 1.69
143000, QD, 29.01.2005, 1.0976
143000, QD, 05.02.2005, 0.8816
143000, QD, 12.02.2005, 5.6686
143000, QD, 19.02.2005, 2.4214
143000, QD, 26.02.2005, 1.8014
143000, QD, 05.03.2005, 1.26
143000, QD, 12.03.2005, 7.85
143000, QD, 19.03.2005, 17.4
143000, QD, 26.03.2005, 10.1514
143000, QD, 02.04.2005, 5.5786
143000, QD, 09.04.2005, 4.5843
143000, QD, 16.04.2005, 4.6243
143000, QD, 23.04.2005, 3.7343
143000, QD, 30.04.2005, 2.4771
143000, QD, 07.05.2005, 2.1514
143000, QD, 14.05.2005, 2.3086
143000, QD, 21.05.2005, 2.9643
143000, QD, 28.05.2005, 1.6443
143000, QD, 04.06.2005, 1.4486
143000, QD, 11.06.2005, 1.7486
143000, QD, 18.06.2005, 1.0047
143000, QD, 25.06.2005, 1.2043
143000, QD, 02.07.2005, 1.736
143000, QD, 09.07.2005, 6.2
143000, QD, 16.07.2005, 2.1586
143000, QD, 23.07.2005, 1.5257
143000, QD, 30.07.2005, 2.42
143000, QD, 06.08.2005, 1.3729
143000, QD, 13.08.2005, 3.9271
143000, QD, 20.08.2005, 20.1743
143000, QD, 27.08.2005, 6.7171
143000, QD, 03.09.2005, 3.4886
143000, QD, 10.09.2005, 4.2129
143000, QD, 17.09.2005, 3.7771
143000, QD, 24.09.2005, 2.7229
143000, QD, 01.10.2005, 3.5314
143000, QD, 08.10.2005, 2.0357
143000, QD, 15.10.2005, 1.7214
143000, QD, 22.10.2005, 1.6414
143000, QD, 29.10.2005, 1.6214
143000, QD, 05.11.2005, 1.6071
143000, QD, 12.11.2005, 1.5314
143000, QD, 19.11.2005, 1.4586
143000, QD, 26.11.2005, 1.2371
143000, QD, 03.12.2005, 1.2729
143000, QD, 10.12.2005, 1.2443
143000, QD, 17.12.2005, 1.2671
143000, QD, 24.12.2005, 1.2814
143000, QD, 31.12.2005, 0.9307
143000, QD, 07.01.2006, 0.9731
143000, QD, 14.01.2006, 0.9311
143000, QD, 21.01.2006, 1.0123
143000, QD, 28.01.2006, 0.9146
143000, QD, 04.02.2006, 0.8553
143000, QD, 11.02.2006, 0.8376
143000, QD, 18.02.2006, 1.1566
143000, QD, 25.02.2006, 1.0629
143000, QD, 04.03.2006, 1.23
143000, QD, 11.03.2006, 2.5814
143000, QD, 18.03.2006, 3.2243
143000, QD, 25.03.2006, 29.0029
143000, QD, 01.04.2006, 16.9429
143000, QD, 08.04.2006, 11.06
143000, QD, 15.04.2006, 13.4557
143000, QD, 22.04.2006, 8.2086
143000, QD, 29.04.2006, 6.7929
143000, QD, 06.05.2006, 3.6757
143000, QD, 13.05.2006, 2.4514
143000, QD, 20.05.2006, 1.9057
143000, QD, 27.05.2006, 4.3614
143000, QD, 03.06.2006, 2.5314
143000, QD, 10.06.2006, 1.7571
143000, QD, 17.06.2006, 1.54
143000, QD, 24.06.2006, 5.9486
143000, QD, 01.07.2006, 5.5814
143000, QD, 08.07.2006, 9.0929
143000, QD, 15.07.2006, 4.2071
143000, QD, 22.07.2006, 2.0914
143000, QD, 29.07.2006, 1.8729
143000, QD, 05.08.2006, 6.1686
143000, QD, 12.08.2006, 3.2814
143000, QD, 19.08.2006, 2.31
143000, QD, 26.08.2006, 2.2814
143000, QD, 02.09.2006, 1.5943
143000, QD, 09.09.2006, 1.3629
143000, QD, 16.09.2006, 1.3586
143000, QD, 23.09.2006, 1.2686
143000, QD, 30.09.2006, 1.2371
143000, QD, 07.10.2006, 1.16
143000, QD, 14.10.2006, 1.21
143000, QD, 21.10.2006, 1.1443
143000, QD, 28.10.2006, 1.19
143000, QD, 04.11.2006, 1.3186
143000, QD, 11.11.2006, 1.3286
143000, QD, 18.11.2006, 1.2329
143000, QD, 25.11.2006, 1.1143
143000, QD, 02.12.2006, 1.0614
143000, QD, 09.12.2006, 1.1971
143000, QD, 16.12.2006, 1.1243
143000, QD, 23.12.2006, 0.9796
143000, QD, 30.12.2006, 1.4984
143000, QD, 06.01.2007, 1.8986
143000, QD, 13.01.2007, 2.9929
143000, QD, 20.01.2007, 3.5286
143000, QD, 27.01.2007, 2.8457
143000, QD, 03.02.2007, 3.2957
143000, QD, 10.02.2007, 3.5543
143000, QD, 17.02.2007, 2.7729
143000, QD, 24.02.2007, 3.7957
143000, QD, 03.03.2007, 5.7943
143000, QD, 10.03.2007, 3.8886
143000, QD, 17.03.2007, 3.0586
143000, QD, 24.03.2007, 6.7657
143000, QD, 31.03.2007, 3.9429
143000, QD, 07.04.2007, 2.6314
143000, QD, 14.04.2007, 2.0
143000, QD, 21.04.2007, 1.6743
143000, QD, 28.04.2007, 1.3286
143000, QD, 05.05.2007, 2.4271
143000, QD, 12.05.2007, 1.4271
143000, QD, 19.05.2007, 1.3414
143000, QD, 26.05.2007, 2.0186
143000, QD, 02.06.2007, 1.4686
143000, QD, 09.06.2007, 1.9214
143000, QD, 16.06.2007, 1.5586
143000, QD, 23.06.2007, 1.1571
143000, QD, 30.06.2007, 1.0517
143000, QD, 07.07.2007, 0.9353
143000, QD, 14.07.2007, 0.832
143000, QD, 21.07.2007, 0.933
143000, QD, 28.07.2007, 0.7257
143000, QD, 04.08.2007, 0.761
143000, QD, 11.08.2007, 0.9439
143000, QD, 18.08.2007, 1.4014
143000, QD, 25.08.2007, 0.8479
143000, QD, 01.09.2007, 3.5089
143000, QD, 08.09.2007, 3.3957
143000, QD, 15.09.2007, 1.8243
143000, QD, 22.09.2007, 1.8171
143000, QD, 29.09.2007, 1.8214
143000, QD, 06.10.2007, 1.3871
143000, QD, 13.10.2007, 1.1871
143000, QD, 20.10.2007, 3.3814
143000, QD, 27.10.2007, 4.1186
143000, QD, 03.11.2007, 3.3871
143000, QD, 10.11.2007, 6.6286
143000, QD, 17.11.2007, 4.2886
143000, QD, 24.11.2007, 4.2157
143000, QD, 01.12.2007, 13.1643
143000, QD, 08.12.2007, 8.3957
143000, QD, 15.12.2007, 4.8457
143000, QD, 22.12.2007, 3.1271
143000, QD, 29.12.2007, 2.56
143000, QD, 05.01.2008, 1.8614
143000, QD, 12.01.2008, 1.8914
143000, QD, 19.01.2008, 4.1729
143000, QD, 26.01.2008, 2.7786
143000, QD, 02.02.2008, 2.7729
143000, QD, 09.02.2008, 2.1486
143000, QD, 16.02.2008, 1.7343
143000, QD, 23.02.2008, 1.8486
143000, QD, 01.03.2008, 5.6414
143000, QD, 08.03.2008, 4.3429
143000, QD, 15.03.2008, 4.6557
143000, QD, 22.03.2008, 3.9986
143000, QD, 29.03.2008, 4.4629
143000, QD, 05.04.2008, 3.99
143000, QD, 12.04.2008, 3.2771
143000, QD, 19.04.2008, 4.58
143000, QD, 26.04.2008, 4.5114
143000, QD, 03.05.2008, 3.5814
143000, QD, 10.05.2008, 2.4043
143000, QD, 17.05.2008, 3.6229
143000, QD, 24.05.2008, 2.2586
143000, QD, 31.05.2008, 2.6457
143000, QD, 07.06.2008, 2.7586
143000, QD, 14.06.2008, 2.0671
143000, QD, 21.06.2008, 1.6771
143000, QD, 28.06.2008, 1.3414
143000, QD, 05.07.2008, 1.2771
143000, QD, 12.07.2008, 1.4457
143000, QD, 19.07.2008, 1.1314
143000, QD, 26.07.2008, 0.94
143000, QD, 02.08.2008, 0.9103
143000, QD, 09.08.2008, 0.7563
143000, QD, 16.08.2008, 1.4797
143000, QD, 23.08.2008, 0.891
143000, QD, 30.08.2008, 0.8133
143000, QD, 06.09.2008, 0.8141
143000, QD, 13.09.2008, 1.5541
143000, QD, 20.09.2008, 1.1677
143000, QD, 27.09.2008, 1.1743
143000, QD, 04.10.2008, 1.1357
143000, QD, 11.10.2008, 0.9763
143000, QD, 18.10.2008, 1.0286
143000, QD, 25.10.2008, 1.1996
143000, QD, 01.11.2008, 1.0929
143000, QD, 08.11.2008, 1.0913
143000, QD, 15.11.2008, 1.4714
143000, QD, 22.11.2008, 1.7043
143000, QD, 29.11.2008, 1.1843
143000, QD, 06.12.2008, 1.1086
143000, QD, 13.12.2008, 1.19
143000, QD, 20.12.2008, 2.8
143000, QD, 27.12.2008, 1.4
143000, QD, 03.01.2009, 1.0771
143000, QD, 10.01.2009, 0.9763
143000, QD, 17.01.2009, 0.94
143000, QD, 24.01.2009, 0.9191
143000, QD, 31.01.2009, 0.8223
143000, QD, 07.02.2009, 1.4131
143000, QD, 14.02.2009, 0.9929
143000, QD, 21.02.2009, 1.1246
143000, QD, 28.02.2009, 7.6043
143000, QD, 07.03.2009, 5.7014
143000, QD, 14.03.2009, 7.2586
143000, QD, 21.03.2009, 4.8571
143000, QD, 28.03.2009, 8.3357
143000, QD, 04.04.2009, 8.2786
143000, QD, 11.04.2009, 4.4671
143000, QD, 18.04.2009, 3.0971
143000, QD, 25.04.2009, 2.5257
143000, QD, 02.05.2009, 2.61
143000, QD, 09.05.2009, 2.5143
143000, QD, 16.05.2009, 3.5043
143000, QD, 23.05.2009, 4.3129
143000, QD, 30.05.2009, 6.7143
143000, QD, 06.06.2009, 3.4171
143000, QD, 13.06.2009, 2.0214
143000, QD, 20.06.2009, 17.57
143000, QD, 27.06.2009, 42.4857
143000, QD, 04.07.2009, 20.3571
143000, QD, 11.07.2009, 8.4143
143000, QD, 18.07.2009, 6.1071
143000, QD, 25.07.2009, 3.5329
143000, QD, 01.08.2009, 4.6457
143000, QD, 08.08.2009, 2.6357
143000, QD, 15.08.2009, 2.0357
143000, QD, 22.08.2009, 2.3743
143000, QD, 29.08.2009, 1.5814
143000, QD, 05.09.2009, 1.3371
143000, QD, 12.09.2009, 1.57
143000, QD, 19.09.2009, 1.3514
143000, QD, 26.09.2009, 1.0011
143000, QD, 03.10.2009, 1.0056
143000, QD, 10.10.2009, 1.8714
143000, QD, 17.10.2009, 1.8486
143000, QD, 24.10.2009, 1.6429
143000, QD, 31.10.2009, 1.7957
143000, QD, 07.11.2009, 1.9743
143000, QD, 14.11.2009, 1.4986
143000, QD, 21.11.2009, 1.33
143000, QD, 28.11.2009, 1.39
143000, QD, 05.12.2009, 1.7
143000, QD, 12.12.2009, 2.0229
143000, QD, 19.12.2009, 1.4757
143000, QD, 26.12.2009, 2.9814
143000, QD, 02.01.2010, 1.78
143000, QD, 09.01.2010, 1.2671
143000, QD, 16.01.2010, 1.1057
143000, QD, 23.01.2010, 0.9889
143000, QD, 30.01.2010, 0.9426
143000, QD, 06.02.2010, 0.9101
143000, QD, 13.02.2010, 0.887
143000, QD, 20.02.2010, 1.376
143000, QD, 27.02.2010, 5.2457
143000, QD, 06.03.2010, 2.8371
143000, QD, 13.03.2010, 2.9771
143000, QD, 20.03.2010, 7.9629
143000, QD, 27.03.2010, 5.5986
143000, QD, 03.04.2010, 3.4329
143000, QD, 10.04.2010, 3.9629
143000, QD, 17.04.2010, 2.65
143000, QD, 24.04.2010, 1.9
143000, QD, 01.05.2010, 4.03
143000, QD, 08.05.2010, 3.1929
143000, QD, 15.05.2010, 3.54
143000, QD, 22.05.2010, 3.6714
143000, QD, 29.05.2010, 10.1057
143000, QD, 05.06.2010, 8.6329
143000, QD, 12.06.2010, 5.7743
143000, QD, 19.06.2010, 4.4443
143000, QD, 26.06.2010, 2.4586
143000, QD, 03.07.2010, 2.3571
143000, QD, 10.07.2010, 1.43
143000, QD, 17.07.2010, 6.2214
143000, QD, 24.07.2010, 6.0457
143000, QD, 31.07.2010, 3.5343
143000, QD, 07.08.2010, 5.3586
143000, QD, 14.08.2010, 3.27
143000, QD, 21.08.2010, 2.0471
143000, QD, 28.08.2010, 2.47
143000, QD, 04.09.2010, 1.8257
143000, QD, 11.09.2010, 1.7371
143000, QD, 18.09.2010, 1.3043
143000, QD, 25.09.2010, 1.8257
143000, QD, 02.10.2010, 1.4929
143000, QD, 09.10.2010, 1.3071
143000, QD, 16.10.2010, 1.3714
143000, QD, 23.10.2010, 1.2243
143000, QD, 30.10.2010, 1.0643
143000, QD, 06.11.2010, 1.2014
143000, QD, 13.11.2010, 1.3071
143000, QD, 20.11.2010, 1.4114
143000, QD, 27.11.2010, 1.1343
143000, QD, 04.12.2010, 2.7294
143000, QD, 11.12.2010, 2.3971
143000, QD, 18.12.2010, 2.0271
143000, QD, 25.12.2010, 2.0857
143000, QD, 01.01.2011, 1.7414
143000, QD, 08.01.2011, 6.4429
143000, QD, 15.01.2011, 8.1457
143000, QD, 22.01.2011, 4.6929
143000, QD, 29.01.2011, 3.18
143000, QD, 05.02.2011, 4.1857
143000, QD, 12.02.2011, 4.2257
143000, QD, 19.02.2011, 2.7457
143000, QD, 26.02.2011, 2.2229
143000, QD, 05.03.2011, 1.8871
143000, QD, 12.03.2011, 3.1157
143000, QD, 19.03.2011, 3.6786
143000, QD, 26.03.2011, 2.6357
143000, QD, 02.04.2011, 2.4357
143000, QD, 09.04.2011, 1.8171
143000, QD, 16.04.2011, 1.5014
143000, QD, 23.04.2011, 1.3143
143000, QD, 30.04.2011, 1.3429
143000, QD, 07.05.2011, 1.162
143000, QD, 14.05.2011, 1.3671
143000, QD, 21.05.2011, 1.3733
143000, QD, 28.05.2011, 2.2443
143000, QD, 04.06.2011, 1.4986
143000, QD, 11.06.2011, 1.3457
143000, QD, 18.06.2011, 1.6257
143000, QD, 25.06.2011, 0.9549
143000, QD, 02.07.2011, 1.0734
143000, QD, 09.07.2011, 1.6803
143000, QD, 16.07.2011, 1.2983
143000, QD, 23.07.2011, 0.9787
143000, QD, 30.07.2011, 1.0144
143000, QD, 06.08.2011, 1.0057
143000, QD, 13.08.2011, 1.321
143000, QD, 20.08.2011, 0.8021
143000, QD, 27.08.2011, 0.737
143000, QD, 03.09.2011, 0.7946
143000, QD, 10.09.2011, 0.6709
143000, QD, 17.09.2011, 0.78
143000, QD, 24.09.2011, 0.6417
143000, QD, 01.10.2011, 0.6101
143000, QD, 08.10.2011, 1.7076
143000, QD, 15.10.2011, 0.9597
143000, QD, 22.10.2011, 0.8674
143000, QD, 29.10.2011, 0.7899
143000, QD, 05.11.2011, 0.7897
143000, QD, 12.11.2011, 0.7226
143000, QD, 19.11.2011, 0.6876
143000, QD, 26.11.2011, 0.6844
143000, QD, 03.12.2011, 1.2194
143000, QD, 10.12.2011, 1.13
143000, QD, 17.12.2011, 2.1386
143000, QD, 24.12.2011, 1.4243
143000, QD, 31.12.2011, 2.17
143000, QD, 07.01.2012, 2.2714
143000, QD, 14.01.2012, 2.9671
143000, QD, 21.01.2012, 4.7571
143000, QD, 28.01.2012, 2.5057
143000, QD, 04.02.2012, 1.4643
143000, QD, 11.02.2012, 1.0457
143000, QD, 18.02.2012, 2.5014
143000, QD, 25.02.2012, 4.9014
143000, QD, 03.03.2012, 3.5543
143000, QD, 10.03.2012, 2.7443
143000, QD, 17.03.2012, 2.5143
143000, QD, 24.03.2012, 2.0971
143000, QD, 31.03.2012, 1.8186
143000, QD, 07.04.2012, 2.6586
143000, QD, 14.04.2012, 6.7657
143000, QD, 21.04.2012, 4.6014
143000, QD, 28.04.2012, 2.6543
143000, QD, 05.05.2012, 2.1471
143000, QD, 12.05.2012, 1.4086
143000, QD, 19.05.2012, 1.1121
143000, QD, 26.05.2012, 0.9683
143000, QD, 02.06.2012, 0.9887
143000, QD, 09.06.2012, 1.6514
143000, QD, 16.06.2012, 2.3001
143000, QD, 23.06.2012, 1.0467
143000, QD, 30.06.2012, 3.9304
143000, QD, 07.07.2012, 3.7043
143000, QD, 14.07.2012, 1.7171
143000, QD, 21.07.2012, 1.8914
143000, QD, 28.07.2012, 1.7844
143000, QD, 04.08.2012, 2.5943
143000, QD, 11.08.2012, 1.1979
143000, QD, 18.08.2012, 1.425
143000, QD, 25.08.2012, 2.1671
143000, QD, 01.09.2012, 2.5086
143000, QD, 08.09.2012, 2.3429
143000, QD, 15.09.2012, 1.79
143000, QD, 22.09.2012, 1.3143
143000, QD, 29.09.2012, 1.1019
143000, QD, 06.10.2012, 1.295
143000, QD, 13.10.2012, 1.077
143000, QD, 20.10.2012, 0.9104
143000, QD, 27.10.2012, 1.3286
143000, QD, 03.11.2012, 2.61
143000, QD, 10.11.2012, 1.6286
143000, QD, 17.11.2012, 1.4543
143000, QD, 24.11.2012, 1.44
143000, QD, 01.12.2012, 1.3043
143000, QD, 08.12.2012, 1.0043
143000, QD, 15.12.2012, 1.9971
143000, QD, 22.12.2012, 6.0771
143000, QD, 29.12.2012, 4.1271
143000, QD, 05.01.2013, 6.0843
143000, QD, 12.01.2013, 3.3871
143000, QD, 19.01.2013, 2.4214
143000, QD, 26.01.2013, 7.86
143000, QD, 02.02.2013, 7.9829
143000, QD, 09.02.2013, 4.2629
143000, QD, 16.02.2013, 3.0771
143000, QD, 23.02.2013, 2.6671
143000, QD, 02.03.2013, 3.3157
143000, QD, 09.03.2013, 6.9729
143000, QD, 16.03.2013, 4.7714
143000, QD, 23.03.2013, 3.4243
143000, QD, 30.03.2013, 3.2443
143000, QD, 06.04.2013, 4.5186
143000, QD, 13.04.2013, 6.2714
143000, QD, 20.04.2013, 6.8386
143000, QD, 27.04.2013, 4.91
143000, QD, 04.05.2013, 6.4557
143000, QD, 11.05.2013, 8.0814
143000, QD, 18.05.2013, 5.3829
143000, QD, 25.05.2013, 4.3771
143000, QD, 01.06.2013, 35.0857
143000, QD, 08.06.2013, 15.4286
143000, QD, 15.06.2013, 6.8614
143000, QD, 22.06.2013, 7.0257
143000, QD, 29.06.2013, 4.2286
143000, QD, 06.07.2013, 2.9443
143000, QD, 13.07.2013, 1.8157
143000, QD, 20.07.2013, 1.3129
143000, QD, 27.07.2013, 1.1314
143000, QD, 03.08.2013, 1.9614
143000, QD, 10.08.2013, 1.6729
143000, QD, 17.08.2013, 1.4527
143000, QD, 24.08.2013, 1.9043
143000, QD, 31.08.2013, 1.0897
143000, QD, 07.09.2013, 1.0229
143000, QD, 14.09.2013, 1.2237
143000, QD, 21.09.2013, 0.9833
143000, QD, 28.09.2013, 0.8291
143000, QD, 05.10.2013, 1.1204
143000, QD, 12.10.2013, 1.63
143000, QD, 19.10.2013, 1.1157
143000, QD, 26.10.2013, 0.992
143000, QD, 02.11.2013, 1.1459
143000, QD, 09.11.2013, 1.5071
143000, QD, 16.11.2013, 1.2714
143000, QD, 23.11.2013, 1.168
143000, QD, 30.11.2013, 1.0191
143000, QD, 07.12.2013, 1.6271
143000, QD, 14.12.2013, 1.16
143000, QD, 21.12.2013, 1.12
143000, QD, 28.12.2013, 0.9446
143000, QD, 04.01.2014, 0.9574
143000, QD, 11.01.2014, 0.9413
143000, QD, 18.01.2014, 0.9917
143000, QD, 25.01.2014, 0.8729
143000, QD, 01.02.2014, 0.8956
143000, QD, 08.02.2014, 0.9474
143000, QD, 15.02.2014, 0.8946
143000, QD, 22.02.2014, 0.8294
143000, QD, 01.03.2014, 0.8184
143000, QD, 08.03.2014, 0.7747
143000, QD, 15.03.2014, 0.8311
143000, QD, 22.03.2014, 1.2874
143000, QD, 29.03.2014, 0.9421
143000, QD, 05.04.2014, 0.7486
143000, QD, 12.04.2014, 0.7327
143000, QD, 19.04.2014, 0.8427
143000, QD, 26.04.2014, 1.9671
143000, QD, 03.05.2014, 1.5071
143000, QD, 10.05.2014, 1.0729
143000, QD, 17.05.2014, 5.3757
143000, QD, 24.05.2014, 4.1143
143000, QD, 31.05.2014, 3.0757
143000, QD, 07.06.2014, 1.5343
143000, QD, 14.06.2014, 1.0301
143000, QD, 21.06.2014, 0.8593
143000, QD, 28.06.2014, 0.7601
143000, QD, 05.07.2014, 2.0086
143000, QD, 12.07.2014, 1.577
143000, QD, 19.07.2014, 4.63
143000, QD, 26.07.2014, 3.9829
143000, QD, 02.08.2014, 5.28
143000, QD, 09.08.2014, 3.5657
143000, QD, 16.08.2014, 1.97
143000, QD, 23.08.2014, 1.7643
143000, QD, 30.08.2014, 3.7486
143000, QD, 06.09.2014, 2.9686
143000, QD, 13.09.2014, 7.0
143000, QD, 20.09.2014, 3.6729
143000, QD, 27.09.2014, 2.9729
143000, QD, 04.10.2014, 2.1443
143000, QD, 11.10.2014, 2.0143
143000, QD, 18.10.2014, 4.3557
143000, QD, 25.10.2014, 3.3457
143000, QD, 01.11.2014, 2.1757
143000, QD, 08.11.2014, 1.8643
143000, QD, 15.11.2014, 1.9286
143000, QD, 22.11.2014, 1.64
143000, QD, 29.11.2014, 1.5986
143000, QD, 06.12.2014, 1.8214
143000, QD, 13.12.2014, 1.8714
143000, QD, 20.12.2014, 1.8814
143000, QD, 27.12.2014, 1.7129
143000, QD, 03.01.2015, 2.25
143000, QD, 10.01.2015, 6.0686
143000, QD, 17.01.2015, 3.4314
143000, QD, 24.01.2015, 2.48
143000, QD, 31.01.2015, 1.9714
143000, QD, 07.02.2015, 1.7529
143000, QD, 14.02.2015, 1.5857
143000, QD, 21.02.2015, 1.6
143000, QD, 28.02.2015, 2.0829
143000, QD, 07.03.2015, 1.8029
143000, QD, 14.03.2015, 1.7857
143000, QD, 21.03.2015, 1.79
143000, QD, 28.03.2015, 3.7357
143000, QD, 04.04.2015, 2.8657
143000, QD, 11.04.2015, 2.3614
143000, QD, 18.04.2015, 2.7214
143000, QD, 25.04.2015, 2.3871
143000, QD, 02.05.2015, 2.4486
143000, QD, 09.05.2015, 1.6957
143000, QD, 16.05.2015, 2.1071
143000, QD, 23.05.2015, 2.0657
143000, QD, 30.05.2015, 1.4186
143000, QD, 06.06.2015, 1.6614
143000, QD, 13.06.2015, 1.29
143000, QD, 20.06.2015, 1.0979
143000, QD, 27.06.2015, 0.9477
143000, QD, 04.07.2015, 0.6984
143000, QD, 11.07.2015, 0.64
143000, QD, 18.07.2015, 0.5196
143000, QD, 25.07.2015, 0.5533
143000, QD, 01.08.2015, 0.4439
143000, QD, 08.08.2015, 0.3617
143000, QD, 15.08.2015, 0.5789
143000, QD, 22.08.2015, 0.431
143000, QD, 29.08.2015, 0.4774
143000, QD, 05.09.2015, 0.5317
143000, QD, 12.09.2015, 0.4717
143000, QD, 19.09.2015, 0.4506
143000, QD, 26.09.2015, 0.4591
143000, QD, 03.10.2015, 0.72
143000, QD, 10.10.2015, 0.8573
143000, QD, 17.10.2015, 0.8426
143000, QD, 24.10.2015, 0.7307
143000, QD, 31.10.2015, 0.6844
143000, QD, 07.11.2015, 0.7067
143000, QD, 14.11.2015, 1.0237
143000, QD, 21.11.2015, 1.5227
143000, QD, 28.11.2015, 1.5916
143000, QD, 05.12.2015, 0.8459
143000, QD, 12.12.2015, 0.7276
143000, QD, 19.12.2015, 0.6827
143000, QD, 26.12.2015, 0.5997
143000, QD, 02.01.2016, 0.5429
143000, QD, 09.01.2016, 0.8854
143000, QD, 16.01.2016, 0.7249
143000, QD, 23.01.2016, 2.151
143000, QD, 30.01.2016, 2.4614
143000, QD, 06.02.2016, 2.43
143000, QD, 13.02.2016, 2.0
143000, QD, 20.02.2016, 2.03
143000, QD, 27.02.2016, 3.3643
143000, QD, 05.03.2016, 3.25
143000, QD, 12.03.2016, 2.5286
143000, QD, 19.03.2016, 2.6443
143000, QD, 26.03.2016, 2.4143
143000, QD, 02.04.2016, 1.8
143000, QD, 09.04.2016, 1.6457
143000, QD, 16.04.2016, 1.5971
143000, QD, 23.04.2016, 1.4186
143000, QD, 30.04.2016, 1.0739
143000, QD, 07.05.2016, 0.9914
143000, QD, 14.05.2016, 1.2029
143000, QD, 21.05.2016, 2.2804
143000, QD, 28.05.2016, 2.42
143000, QD, 04.06.2016, 2.8957
143000, QD, 11.06.2016, 1.8029
143000, QD, 18.06.2016, 1.2599
143000, QD, 25.06.2016, 2.4314
143000, QD, 02.07.2016, 1.0283
143000, QD, 09.07.2016, 2.1304
143000, QD, 16.07.2016, 1.7471
143000, QD, 23.07.2016, 2.92
143000, QD, 30.07.2016, 1.8514
143000, QD, 06.08.2016, 1.4357
143000, QD, 13.08.2016, 0.9093
143000, QD, 20.08.2016, 0.7821
143000, QD, 27.08.2016, 0.9297
143000, QD, 03.09.2016, 0.7217
143000, QD, 10.09.2016, 0.5721
143000, QD, 17.09.2016, 3.7386
143000, QD, 24.09.2016, 1.2614
143000, QD, 01.10.2016, 1.9426
143000, QD, 08.10.2016, 3.0071
143000, QD, 15.10.2016, 2.74
143000, QD, 22.10.2016, 2.0429
143000, QD, 29.10.2016, 1.74
143000, QD, 05.11.2016, 1.7814
143000, QD, 12.11.2016, 2.1114
143000, QD, 19.11.2016, 2.2571
143000, QD, 26.11.2016, 2.0414
143000, QD, 03.12.2016, 1.5643
143000, QD, 10.12.2016, 1.9543
143000, QD, 17.12.2016, 1.5714
143000, QD, 24.12.2016, 1.61
143000, QD, 31.12.2016, 1.3829
143000, QD, 07.01.2017, 1.5971
143000, QD, 14.01.2017, 1.2343
143000, QD, 21.01.2017, 1.4471
143000, QD, 28.01.2017, 1.4114
143000, QD, 04.02.2017, 1.4014
143000, QD, 11.02.2017, 1.3129
143000, QD, 18.02.2017, 4.4786
143000, QD, 25.02.2017, 3.4443
143000, QD, 04.03.2017, 3.0286
143000, QD, 11.03.2017, 2.5657
143000, QD, 18.03.2017, 3.9971
143000, QD, 25.03.2017, 2.8029
143000, QD, 01.04.2017, 3.1843
143000, QD, 08.04.2017, 2.3414
143000, QD, 15.04.2017, 2.32
143000, QD, 22.04.2017, 4.8957
143000, QD, 29.04.2017, 10.8714
143000, QD, 06.05.2017, 6.6929
143000, QD, 13.05.2017, 5.5829
143000, QD, 20.05.2017, 3.09
143000, QD, 27.05.2017, 1.9657
143000, QD, 03.06.2017, 1.5386
143000, QD, 10.06.2017, 1.0979
143000, QD, 17.06.2017, 0.7944
143000, QD, 24.06.2017, 0.8143
143000, QD, 01.07.2017, 0.6056
143000, QD, 08.07.2017, 0.6686
143000, QD, 15.07.2017, 0.6633
143000, QD, 22.07.2017, 0.6569
143000, QD, 29.07.2017, 0.4676
143000, QD, 05.08.2017, 0.5921
143000, QD, 12.08.2017, 0.7264
143000, QD, 19.08.2017, 0.6711
143000, QD, 26.08.2017, 0.7153
143000, QD, 02.09.2017, 1.0829
143000, QD, 09.09.2017, 0.5119
143000, QD, 16.09.2017, 0.4843
143000, QD, 23.09.2017, 0.4559
143000, QD, 30.09.2017, 0.5353
143000, QD, 07.10.2017, 0.5721
143000, QD, 14.10.2017, 0.517
143000, QD, 21.10.2017, 0.7077
143000, QD, 28.10.2017, 0.9461
143000, QD, 04.11.2017, 1.1574
143000, QD, 11.11.2017, 1.3216
143000, QD, 18.11.2017, 1.106
143000, QD, 25.11.2017, 0.8577
143000, QD, 02.12.2017, 0.7667
143000, QD, 09.12.2017, 1.2727
143000, QD, 16.12.2017, 1.022
143000, QD, 23.12.2017, 1.8186
143000, QD, 30.12.2017, 2.3257
143000, QD, 06.01.2018, 2.7486
143000, QD, 13.01.2018, 2.0157
143000, QD, 20.01.2018, 2.26
143000, QD, 27.01.2018, 2.9914
143000, QD, 03.02.2018, 2.1743
143000, QD, 10.02.2018, 1.71
143000, QD, 17.02.2018, 1.4571
143000, QD, 24.02.2018, 1.3514
143000, QD, 03.03.2018, 1.5429
143000, QD, 10.03.2018, 3.4257
143000, QD, 17.03.2018, 2.3686
143000, QD, 24.03.2018, 1.9671
143000, QD, 31.03.2018, 1.9114
143000, QD, 07.04.2018, 1.6
143000, QD, 14.04.2018, 1.4629
143000, QD, 21.04.2018, 1.1771
143000, QD, 28.04.2018, 1.049
143000, QD, 05.05.2018, 0.9393
143000, QD, 12.05.2018, 0.9073
143000, QD, 19.05.2018, 1.2359
143000, QD, 26.05.2018, 1.4729
143000, QD, 02.06.2018, 0.756
143000, QD, 09.06.2018, 2.225
143000, QD, 16.06.2018, 0.9916
143000, QD, 23.06.2018, 3.1983
143000, QD, 30.06.2018, 2.5586
143000, QD, 07.07.2018, 1.9814
143000, QD, 14.07.2018, 1.3071
143000, QD, 21.07.2018, 1.0864
143000, QD, 28.07.2018, 0.8227
143000, QD, 04.08.2018, 0.926
143000, QD, 11.08.2018, 0.8146
143000, QD, 18.08.2018, 0.5019
143000, QD, 25.08.2018, 0.5309
143000, QD, 01.09.2018, 2.3743
143000, QD, 08.09.2018, 0.866
143000, QD, 15.09.2018, 0.8796
143000, QD, 22.09.2018, 0.7869
143000, QD, 29.09.2018, 0.6354
143000, QD, 06.10.2018, 0.6191
143000, QD, 13.10.2018, 0.6067
143000, QD, 20.10.2018, 0.6909
143000, QD, 27.10.2018, 1.4021
143000, QD, 03.11.2018, 1.0164
143000, QD, 10.11.2018, 0.7771
143000, QD, 17.11.2018, 0.788
143000, QD, 24.11.2018, 1.0759
143000, QD, 01.12.2018, 3.2986
143000, QD, 08.12.2018, 3.5357
143000, QD, 15.12.2018, 1.98
143000, QD, 22.12.2018, 7.4829
143000, QD, 29.12.2018, 4.6143
143000, QD, 05.01.2019, 4.2871
143000, QD, 12.01.2019, 4.4743
143000, QD, 19.01.2019, 2.9457
143000, QD, 26.01.2019, 2.0857
143000, QD, 02.02.2019, 1.56
143000, QD, 09.02.2019, 3.3186
143000, QD, 16.02.2019, 5.0043
143000, QD, 23.02.2019, 7.4471
143000, QD, 02.03.2019, 7.64
143000, QD, 09.03.2019, 6.3014
143000, QD, 16.03.2019, 6.98
143000, QD, 23.03.2019, 4.2057
143000, QD, 30.03.2019, 3.1043
143000, QD, 06.04.2019, 2.5171
143000, QD, 13.04.2019, 1.9229
143000, QD, 20.04.2019, 1.5757
143000, QD, 27.04.2019, 1.5757
143000, QD, 04.05.2019, 1.4929
143000, QD, 11.05.2019, 1.71
143000, QD, 18.05.2019, 1.7629
143000, QD, 25.05.2019, 1.8986
143000, QD, 01.06.2019, 2.4229
143000, QD, 08.06.2019, 1.8771
143000, QD, 15.06.2019, 2.1057
143000, QD, 22.06.2019, 5.8771
143000, QD, 29.06.2019, 1.9143
143000, QD, 06.07.2019, 0.9281
143000, QD, 13.07.2019, 0.9819
143000, QD, 20.07.2019, 0.8093
143000, QD, 27.07.2019, 0.7796
143000, QD, 03.08.2019, 0.6601
143000, QD, 10.08.2019, 0.658
143000, QD, 17.08.2019, 0.6156
143000, QD, 24.08.2019, 0.6137
143000, QD, 31.08.2019, 0.6236
143000, QD, 07.09.2019, 0.6127
143000, QD, 14.09.2019, 0.5729
143000, QD, 21.09.2019, 0.5421
143000, QD, 28.09.2019, 0.5469
143000, QD, 05.10.2019, 0.6136
143000, QD, 12.10.2019, 0.5599
143000, QD, 19.10.2019, 0.5323
143000, QD, 26.10.2019, 0.5261
143000, QD, 02.11.2019, 0.6089
143000, QD, 09.11.2019, 0.6174
143000, QD, 16.11.2019, 0.6107
143000, QD, 23.11.2019, 0.6101
143000, QD, 30.11.2019, 0.609
143000, QD, 07.12.2019, 0.6477
143000, QD, 14.12.2019, 0.6793
143000, QD, 21.12.2019, 0.7736
143000, QD, 28.12.2019, 0.6076
143000, QD, 04.01.2020, 0.612
143000, QD, 11.01.2020, 0.5704
143000, QD, 18.01.2020, 0.514
143000, QD, 25.01.2020, 0.571
143000, QD, 01.02.2020, 2.4043
143000, QD, 08.02.2020, 1.8743
143000, QD, 15.02.2020, 1.83
143000, QD, 22.02.2020, 2.0829
143000, QD, 29.02.2020, 2.4829
143000, QD, 07.03.2020, 1.8614
143000, QD, 14.03.2020, 1.3643
143000, QD, 21.03.2020, 1.3957
143000, QD, 28.03.2020, 1.2629
143000, QD, 04.04.2020, 1.0136
143000, QD, 11.04.2020, 1.058
143000, QD, 18.04.2020, 1.0079
143000, QD, 25.04.2020, 1.0309
143000, QD, 02.05.2020, 0.999
143000, QD, 09.05.2020, 1.9786
143000, QD, 16.05.2020, 1.2943
143000, QD, 23.05.2020, 1.2829
143000, QD, 30.05.2020, 1.0707
143000, QD, 06.06.2020, 5.3591
143000, QD, 13.06.2020, 4.39
143000, QD, 20.06.2020, 2.7386
143000, QD, 27.06.2020, 2.7243
143000, QD, 04.07.2020, 1.33
143000, QD, 11.07.2020, 1.32
143000, QD, 18.07.2020, 1.2239
143000, QD, 25.07.2020, 0.929
143000, QD, 01.08.2020, 5.2711
143000, QD, 08.08.2020, 1.8714
143000, QD, 15.08.2020, 2.3786
143000, QD, 22.08.2020, 1.3643
143000, QD, 29.08.2020, 1.7129
143000, QD, 05.09.2020, 1.0624
143000, QD, 12.09.2020, 0.9016
143000, QD, 19.09.2020, 0.8649
143000, QD, 26.09.2020, 1.5353
143000, QD, 03.10.2020, 0.8967
143000, QD, 10.10.2020, 1.6454
143000, QD, 17.10.2020, 1.9029
143000, QD, 24.10.2020, 1.41
143000, QD, 31.10.2020, 2.0757
143000, QD, 07.11.2020, 1.5971
143000, QD, 14.11.2020, 1.3157
143000, QD, 21.11.2020, 1.2257
143000, QD, 28.11.2020, 1.1729
143000, QD, 05.12.2020, 1.17
143000, QD, 12.12.2020, 1.1186
143000, QD, 19.12.2020, 1.2729
143000, QD, 26.12.2020, 1.124
143000, QD, 02.01.2021, 1.0571
143000, QD, 09.01.2021, 0.9897
143000, QD, 16.01.2021, 1.0619
143000, QD, 23.01.2021, 1.7886
143000, QD, 30.01.2021, 6.54
143000, QD, 06.02.2021, 4.99
143000, QD, 13.02.2021, 3.6714
143000, QD, 20.02.2021, 3.01
143000, QD, 27.02.2021, 2.6986
143000, QD, 06.03.2021, 2.6214
143000, QD, 13.03.2021, 2.98
143000, QD, 20.03.2021, 2.9086
143000, QD, 27.03.2021, 2.6914
143000, QD, 03.04.2021, 2.2843
143000, QD, 10.04.2021, 2.0986
143000, QD, 17.04.2021, 2.24
143000, QD, 24.04.2021, 1.6171
143000, QD, 01.05.2021, 2.6386
143000, QD, 08.05.2021, 4.58
143000, QD, 15.05.2021, 4.94
143000, QD, 22.05.2021, 3.31
143000, QD, 29.05.2021, 2.1314
143000, QD, 05.06.2021, 1.8857
143000, QD, 12.06.2021, 1.4686
143000, QD, 19.06.2021, 7.7529
143000, QD, 26.06.2021, 5.9786
143000, QD, 03.07.2021, 4.5343
143000, QD, 10.07.2021, 6.0957
143000, QD, 17.07.2021, 9.1457
143000, QD, 24.07.2021, 4.5314
143000, QD, 31.07.2021, 3.1014
143000, QD, 07.08.2021, 4.0071
143000, QD, 14.08.2021, 2.4529
143000, QD, 21.08.2021, 2.8643
143000, QD, 28.08.2021, 2.1829
143000, QD, 04.09.2021, 1.6629
143000, QD, 11.09.2021, 1.9186
143000, QD, 18.09.2021, 1.4757
143000, QD, 25.09.2021, 1.1871
143000, QD, 02.10.2021, 1.2219
143000, QD, 09.10.2021, 1.2714
143000, QD, 16.10.2021, 1.1329
143000, QD, 23.10.2021, 1.23
143000, QD, 30.10.2021, 1.5757
143000, QD, 06.11.2021, 1.2386
143000, QD, 13.11.2021, 1.1743
143000, QD, 20.11.2021, 1.1343
143000, QD, 27.11.2021, 1.22
143000, QD, 04.12.2021, 1.25
143000, QD, 11.12.2021, 1.5071
143000, QD, 18.12.2021, 1.3214
143000, QD, 25.12.2021, 2.1171
